"Step","e75-30-baseline-20250607_004142 - val_f1","e75-30-baseline-20250607_004142 - val_f1__MIN","e75-30-baseline-20250607_004142 - val_f1__MAX","e75-28-baseline-20250607_003733 - val_f1","e75-28-baseline-20250607_003733 - val_f1__MIN","e75-28-baseline-20250607_003733 - val_f1__MAX","e75-29-baseline-20250607_003732 - val_f1","e75-29-baseline-20250607_003732 - val_f1__MIN","e75-29-baseline-20250607_003732 - val_f1__MAX","e75-26-baseline-20250607_002723 - val_f1","e75-26-baseline-20250607_002723 - val_f1__MIN","e75-26-baseline-20250607_002723 - val_f1__MAX","e75-27-baseline-20250607_002722 - val_f1","e75-27-baseline-20250607_002722 - val_f1__MIN","e75-27-baseline-20250607_002722 - val_f1__MAX","e75-25-baseline-20250607_002321 - val_f1","e75-25-baseline-20250607_002321 - val_f1__MIN","e75-25-baseline-20250607_002321 - val_f1__MAX","e75-24-baseline-20250607_001720 - val_f1","e75-24-baseline-20250607_001720 - val_f1__MIN","e75-24-baseline-20250607_001720 - val_f1__MAX","e75-23-baseline-20250607_001020 - val_f1","e75-23-baseline-20250607_001020 - val_f1__MIN","e75-23-baseline-20250607_001020 - val_f1__MAX","e75-22-baseline-20250606_234659 - val_f1","e75-22-baseline-20250606_234659 - val_f1__MIN","e75-22-baseline-20250606_234659 - val_f1__MAX","e75-21-baseline-20250606_233443 - val_f1","e75-21-baseline-20250606_233443 - val_f1__MIN","e75-21-baseline-20250606_233443 - val_f1__MAX","e75-20-baseline-20250606_233246 - val_f1","e75-20-baseline-20250606_233246 - val_f1__MIN","e75-20-baseline-20250606_233246 - val_f1__MAX","e75-19-baseline-20250606_233237 - val_f1","e75-19-baseline-20250606_233237 - val_f1__MIN","e75-19-baseline-20250606_233237 - val_f1__MAX","e75-18-baseline-20250606_232845 - val_f1","e75-18-baseline-20250606_232845 - val_f1__MIN","e75-18-baseline-20250606_232845 - val_f1__MAX","e75-17-baseline-20250606_232448 - val_f1","e75-17-baseline-20250606_232448 - val_f1__MIN","e75-17-baseline-20250606_232448 - val_f1__MAX","e75-16-baseline-20250606_224845 - val_f1","e75-16-baseline-20250606_224845 - val_f1__MIN","e75-16-baseline-20250606_224845 - val_f1__MAX","e75-15-baseline-20250606_224255 - val_f1","e75-15-baseline-20250606_224255 - val_f1__MIN","e75-15-baseline-20250606_224255 - val_f1__MAX","e75-14-baseline-20250606_223806 - val_f1","e75-14-baseline-20250606_223806 - val_f1__MIN","e75-14-baseline-20250606_223806 - val_f1__MAX","e75-13-baseline-20250606_223602 - val_f1","e75-13-baseline-20250606_223602 - val_f1__MIN","e75-13-baseline-20250606_223602 - val_f1__MAX","e75-12-baseline-20250606_221958 - val_f1","e75-12-baseline-20250606_221958 - val_f1__MIN","e75-12-baseline-20250606_221958 - val_f1__MAX","e75-11-baseline-20250606_221957 - val_f1","e75-11-baseline-20250606_221957 - val_f1__MIN","e75-11-baseline-20250606_221957 - val_f1__MAX","e75-10-baseline-20250606_221227 - val_f1","e75-10-baseline-20250606_221227 - val_f1__MIN","e75-10-baseline-20250606_221227 - val_f1__MAX","e75-9-baseline-20250606_215321 - val_f1","e75-9-baseline-20250606_215321 - val_f1__MIN","e75-9-baseline-20250606_215321 - val_f1__MAX","e75-8-baseline-20250606_215120 - val_f1","e75-8-baseline-20250606_215120 - val_f1__MIN","e75-8-baseline-20250606_215120 - val_f1__MAX","e75-7-baseline-20250606_214320 - val_f1","e75-7-baseline-20250606_214320 - val_f1__MIN","e75-7-baseline-20250606_214320 - val_f1__MAX","e75-6-baseline-20250606_214145 - val_f1","e75-6-baseline-20250606_214145 - val_f1__MIN","e75-6-baseline-20250606_214145 - val_f1__MAX","e75-5-baseline-20250606_213341 - val_f1","e75-5-baseline-20250606_213341 - val_f1__MIN","e75-5-baseline-20250606_213341 - val_f1__MAX","e75-1-baseline-20250606_210919 - val_f1","e75-1-baseline-20250606_210919 - val_f1__MIN","e75-1-baseline-20250606_210919 - val_f1__MAX","e75-4-baseline-20250606_210919 - val_f1","e75-4-baseline-20250606_210919 - val_f1__MIN","e75-4-baseline-20250606_210919 - val_f1__MAX","e75-3-baseline-20250606_210919 - val_f1","e75-3-baseline-20250606_210919 - val_f1__MIN","e75-3-baseline-20250606_210919 - val_f1__MAX","e75-2-baseline-20250606_210919 - val_f1","e75-2-baseline-20250606_210919 - val_f1__MIN","e75-2-baseline-20250606_210919 - val_f1__MAX"
"0","0","0","0","0.16","0.16","0.16","0","0","0","0.5294117647058824","0.5294117647058824","0.5294117647058824","0.32075471698113206","0.32075471698113206","0.32075471698113206","0","0","0","0.20512820512820512","0.20512820512820512","0.20512820512820512","0","0","0","0.42990654205607476","0.42990654205607476","0.42990654205607476","0.5447154471544715","0.5447154471544715","0.5447154471544715","0","0","0","0","0","0","0.35555555555555557","0.35555555555555557","0.35555555555555557","0.5447154471544715","0.5447154471544715","0.5447154471544715","0","0","0","0.08571428571428572","0.08571428571428572","0.08571428571428572","0","0","0","0.5363636363636364","0.5363636363636364","0.5363636363636364","0","0","0","0.1095890410958904","0.1095890410958904","0.1095890410958904","0.5513513513513514","0.5513513513513514","0.5513513513513514","0","0","0","0","0","0","0.029411764705882353","0.029411764705882353","0.029411764705882353","0.5256410256410257","0.5256410256410257","0.5256410256410257","0.057971014492753624","0.057971014492753624","0.057971014492753624","0.5066666666666667","0.5066666666666667","0.5066666666666667","0","0","0","0.21428571428571427","0.21428571428571427","0.21428571428571427","0","0","0"
"1","0","0","0","0.029411764705882353","0.029411764705882353","0.029411764705882353","0.47706422018348627","0.47706422018348627","0.47706422018348627","0","0","0","0.5502645502645502","0.5502645502645502","0.5502645502645502","0.5076923076923077","0.5076923076923077","0.5076923076923077","0.26506024096385544","0.26506024096385544","0.26506024096385544","0","0","0","0.08571428571428572","0.08571428571428572","0.08571428571428572","0.11267605633802817","0.11267605633802817","0.11267605633802817","0","0","0","0","0","0","0.08450704225352113","0.08450704225352113","0.08450704225352113","0.588957055214724","0.588957055214724","0.588957055214724","0.029411764705882353","0.029411764705882353","0.029411764705882353","0","0","0","0.16","0.16","0.16","0.5691056910569106","0.5691056910569106","0.5691056910569106","0","0","0","0.5469387755102041","0.5469387755102041","0.5469387755102041","0.029411764705882353","0.029411764705882353","0.029411764705882353","0.08571428571428572","0.08571428571428572","0.08571428571428572","0.5454545454545454","0.5454545454545454","0.5454545454545454","0.0547945205479452","0.0547945205479452","0.0547945205479452","0","0","0","0.5221674876847291","0.5221674876847291","0.5221674876847291","0.49122807017543857","0.49122807017543857","0.49122807017543857","0.4808743169398907","0.4808743169398907","0.4808743169398907","0.6580645161290323","0.6580645161290323","0.6580645161290323","0.5365853658536586","0.5365853658536586","0.5365853658536586"
"2","0","0","0","0","0","0","0.49122807017543857","0.49122807017543857","0.49122807017543857","0","0","0","0.13333333333333333","0.13333333333333333","0.13333333333333333","0.6","0.6","0.6","0","0","0","0","0","0","0","0","0","0.52","0.52","0.52","0","0","0","0.3090909090909091","0.3090909090909091","0.3090909090909091","0.25882352941176473","0.25882352941176473","0.25882352941176473","0.4339622641509434","0.4339622641509434","0.4339622641509434","0","0","0","0.3111111111111111","0.3111111111111111","0.3111111111111111","0.5701754385964912","0.5701754385964912","0.5701754385964912","0.5654450261780105","0.5654450261780105","0.5654450261780105","0","0","0","0.4375","0.4375","0.4375","0.5040650406504065","0.5040650406504065","0.5040650406504065","0","0","0","0","0","0","0","0","0","0.5447154471544715","0.5447154471544715","0.5447154471544715","0.5730994152046783","0.5730994152046783","0.5730994152046783","0","0","0","0.12658227848101267","0.12658227848101267","0.12658227848101267","0.5447154471544715","0.5447154471544715","0.5447154471544715","0","0","0"
"3","0","0","0","0.057971014492753624","0.057971014492753624","0.057971014492753624","0.05714285714285714","0.05714285714285714","0.05714285714285714","0","0","0","0","0","0","0.5411764705882353","0.5411764705882353","0.5411764705882353","0.2962962962962963","0.2962962962962963","0.2962962962962963","0","0","0","0","0","0","0.3875968992248062","0.3875968992248062","0.3875968992248062","0.3058823529411765","0.3058823529411765","0.3058823529411765","0","0","0","0","0","0","0.6626506024096386","0.6626506024096386","0.6626506024096386","0.538860103626943","0.538860103626943","0.538860103626943","0","0","0","0.2828282828282828","0.2828282828282828","0.2828282828282828","0","0","0","0.136986301369863","0.136986301369863","0.136986301369863","0.20930232558139536","0.20930232558139536","0.20930232558139536","0.1111111111111111","0.1111111111111111","0.1111111111111111","0.05714285714285714","0.05714285714285714","0.05714285714285714","0.40350877192982454","0.40350877192982454","0.40350877192982454","0","0","0","0.33707865168539325","0.33707865168539325","0.33707865168539325","0","0","0","0.496","0.496","0.496","0","0","0","0.029411764705882353","0.029411764705882353","0.029411764705882353","0.5137614678899083","0.5137614678899083","0.5137614678899083"
"4","0","0","0","0.391304347826087","0.391304347826087","0.391304347826087","0.08571428571428572","0.08571428571428572","0.08571428571428572","0","0","0","0","0","0","0.5076142131979695","0.5076142131979695","0.5076142131979695","0.42","0.42","0.42","0.3404255319148936","0.3404255319148936","0.3404255319148936","0","0","0","0","0","0","0.36363636363636365","0.36363636363636365","0.36363636363636365","0.2077922077922078","0.2077922077922078","0.2077922077922078","0.5230769230769231","0.5230769230769231","0.5230769230769231","0.5384615384615384","0.5384615384615384","0.5384615384615384","0.1111111111111111","0.1111111111111111","0.1111111111111111","0.6040268456375839","0.6040268456375839","0.6040268456375839","0.20512820512820512","0.20512820512820512","0.20512820512820512","0","0","0","0.5147058823529411","0.5147058823529411","0.5147058823529411","0","0","0","0.6206896551724138","0.6206896551724138","0.6206896551724138","0.08333333333333333","0.08333333333333333","0.08333333333333333","0.08571428571428572","0.08571428571428572","0.08571428571428572","0","0","0","0.38461538461538464","0.38461538461538464","0.38461538461538464","0.1111111111111111","0.1111111111111111","0.1111111111111111","0.08450704225352113","0.08450704225352113","0.08450704225352113","0","0","0","0.5932203389830508","0.5932203389830508","0.5932203389830508","0.32558139534883723","0.32558139534883723","0.32558139534883723"
"5","0","0","0","0.3877551020408163","0.3877551020408163","0.3877551020408163","0.32608695652173914","0.32608695652173914","0.32608695652173914","0","0","0","0.5785123966942148","0.5785123966942148","0.5785123966942148","0.42105263157894735","0.42105263157894735","0.42105263157894735","0.5432098765432098","0.5432098765432098","0.5432098765432098","0.5454545454545454","0.5454545454545454","0.5454545454545454","0.5384615384615384","0.5384615384615384","0.5384615384615384","0","0","0","0.3853211009174312","0.3853211009174312","0.3853211009174312","0.11267605633802817","0.11267605633802817","0.11267605633802817","0","0","0","0.4144144144144144","0.4144144144144144","0.4144144144144144","0.13333333333333333","0.13333333333333333","0.13333333333333333","0","0","0","0.6170212765957447","0.6170212765957447","0.6170212765957447","0","0","0","0","0","0","0","0","0","0.0821917808219178","0.0821917808219178","0.0821917808219178","0.5933014354066986","0.5933014354066986","0.5933014354066986","0.5862068965517241","0.5862068965517241","0.5862068965517241","0","0","0","0.32323232323232326","0.32323232323232326","0.32323232323232326","0.5565217391304348","0.5565217391304348","0.5565217391304348","0","0","0","0.15789473684210525","0.15789473684210525","0.15789473684210525","0.5864661654135338","0.5864661654135338","0.5864661654135338","0.620253164556962","0.620253164556962","0.620253164556962"
"6","0.057971014492753624","0.057971014492753624","0.057971014492753624","0.057971014492753624","0.057971014492753624","0.057971014492753624","0.6480446927374302","0.6480446927374302","0.6480446927374302","0","0","0","0.4423076923076923","0.4423076923076923","0.4423076923076923","0","0","0","0.45161290322580644","0.45161290322580644","0.45161290322580644","0","0","0","0","0","0","0","0","0","0.029411764705882353","0.029411764705882353","0.029411764705882353","0.5882352941176471","0.5882352941176471","0.5882352941176471","0","0","0","0.6074074074074074","0.6074074074074074","0.6074074074074074","0.6433566433566433","0.6433566433566433","0.6433566433566433","0.6285714285714286","0.6285714285714286","0.6285714285714286","0.12048192771084337","0.12048192771084337","0.12048192771084337","0.08450704225352113","0.08450704225352113","0.08450704225352113","0.5555555555555556","0.5555555555555556","0.5555555555555556","0","0","0","0.25","0.25","0.25","0","0","0","0.6666666666666666","0.6666666666666666","0.6666666666666666","0","0","0","0.42718446601941745","0.42718446601941745","0.42718446601941745","0.5555555555555556","0.5555555555555556","0.5555555555555556","0","0","0","0.057971014492753624","0.057971014492753624","0.057971014492753624","0.6379310344827587","0.6379310344827587","0.6379310344827587","0.6065573770491803","0.6065573770491803","0.6065573770491803"
"7","0.4716981132075472","0.4716981132075472","0.4716981132075472","0","0","0","0.40404040404040403","0.40404040404040403","0.40404040404040403","0","0","0","0.32941176470588235","0.32941176470588235","0.32941176470588235","0.5632183908045977","0.5632183908045977","0.5632183908045977","0.6222222222222222","0.6222222222222222","0.6222222222222222","0.4897959183673469","0.4897959183673469","0.4897959183673469","0","0","0","0","0","0","0.1111111111111111","0.1111111111111111","0.1111111111111111","0.5862068965517241","0.5862068965517241","0.5862068965517241","0.3508771929824561","0.3508771929824561","0.3508771929824561","0.20930232558139536","0.20930232558139536","0.20930232558139536","0.42718446601941745","0.42718446601941745","0.42718446601941745","0.3409090909090909","0.3409090909090909","0.3409090909090909","0.5573770491803278","0.5573770491803278","0.5573770491803278","0.4246575342465753","0.4246575342465753","0.4246575342465753","0","0","0","0","0","0","0","0","0","0.5517241379310345","0.5517241379310345","0.5517241379310345","0.44680851063829785","0.44680851063829785","0.44680851063829785","0","0","0","0.48598130841121495","0.48598130841121495","0.48598130841121495","0.3023255813953488","0.3023255813953488","0.3023255813953488","0","0","0","0.46296296296296297","0.46296296296296297","0.46296296296296297","0.2988505747126437","0.2988505747126437","0.2988505747126437","0.029411764705882353","0.029411764705882353","0.029411764705882353"
"8","0.3870967741935484","0.3870967741935484","0.3870967741935484","0.225","0.225","0.225","0.4230769230769231","0.4230769230769231","0.4230769230769231","0","0","0","0.5906735751295337","0.5906735751295337","0.5906735751295337","0.37777777777777777","0.37777777777777777","0.37777777777777777","0.2962962962962963","0.2962962962962963","0.2962962962962963","0.44680851063829785","0.44680851063829785","0.44680851063829785","0","0","0","0","0","0","0.27906976744186046","0.27906976744186046","0.27906976744186046","0.64","0.64","0.64","0","0","0","0.10810810810810811","0.10810810810810811","0.10810810810810811","0.08333333333333333","0.08333333333333333","0.08333333333333333","0.0821917808219178","0.0821917808219178","0.0821917808219178","0.6218487394957983","0.6218487394957983","0.6218487394957983","0","0","0","0.029411764705882353","0.029411764705882353","0.029411764705882353","0","0","0","0.0547945205479452","0.0547945205479452","0.0547945205479452","0.6190476190476191","0.6190476190476191","0.6190476190476191","0.5581395348837209","0.5581395348837209","0.5581395348837209","0","0","0","0.6896551724137931","0.6896551724137931","0.6896551724137931","0.34782608695652173","0.34782608695652173","0.34782608695652173","0","0","0","0","0","0","0.5578231292517006","0.5578231292517006","0.5578231292517006","0.056338028169014086","0.056338028169014086","0.056338028169014086"
"9","0.3225806451612903","0.3225806451612903","0.3225806451612903","0.5483870967741935","0.5483870967741935","0.5483870967741935","0.42857142857142855","0.42857142857142855","0.42857142857142855","0","0","0","0.3333333333333333","0.3333333333333333","0.3333333333333333","0.5","0.5","0.5","0.029411764705882353","0.029411764705882353","0.029411764705882353","0.6891891891891891","0.6891891891891891","0.6891891891891891","0.1518987341772152","0.1518987341772152","0.1518987341772152","0","0","0","0.42201834862385323","0.42201834862385323","0.42201834862385323","0.33707865168539325","0.33707865168539325","0.33707865168539325","0","0","0","0","0","0","0.5932203389830508","0.5932203389830508","0.5932203389830508","0.3838383838383838","0.3838383838383838","0.3838383838383838","0.2926829268292683","0.2926829268292683","0.2926829268292683","0.37777777777777777","0.37777777777777777","0.37777777777777777","0.5119047619047619","0.5119047619047619","0.5119047619047619","0","0","0","0","0","0","0.6717557251908397","0.6717557251908397","0.6717557251908397","0.27906976744186046","0.27906976744186046","0.27906976744186046","0","0","0","0.13513513513513514","0.13513513513513514","0.13513513513513514","0.6301369863013698","0.6301369863013698","0.6301369863013698","0.4888888888888889","0.4888888888888889","0.4888888888888889","0","0","0","0.5801526717557252","0.5801526717557252","0.5801526717557252","0.5714285714285714","0.5714285714285714","0.5714285714285714"
"10","0.5612244897959183","0.5612244897959183","0.5612244897959183","0.057971014492753624","0.057971014492753624","0.057971014492753624","0.1111111111111111","0.1111111111111111","0.1111111111111111","0","0","0","0.5846153846153846","0.5846153846153846","0.5846153846153846","0.1839080459770115","0.1839080459770115","0.1839080459770115","0.4329896907216495","0.4329896907216495","0.4329896907216495","0.6213592233009708","0.6213592233009708","0.6213592233009708","0.21951219512195122","0.21951219512195122","0.21951219512195122","0","0","0","0.15584415584415584","0.15584415584415584","0.15584415584415584","0.1951219512195122","0.1951219512195122","0.1951219512195122","0.5447154471544715","0.5447154471544715","0.5447154471544715","0","0","0","0","0","0","0.36363636363636365","0.36363636363636365","0.36363636363636365","0","0","0","0.5225225225225225","0.5225225225225225","0.5225225225225225","0.029411764705882353","0.029411764705882353","0.029411764705882353","0","0","0","0.3333333333333333","0.3333333333333333","0.3333333333333333","0.16216216216216217","0.16216216216216217","0.16216216216216217","0.6285714285714286","0.6285714285714286","0.6285714285714286","0","0","0","0.5046728971962616","0.5046728971962616","0.5046728971962616","0.5660377358490566","0.5660377358490566","0.5660377358490566","0.5034965034965035","0.5034965034965035","0.5034965034965035","0.028985507246376812","0.028985507246376812","0.028985507246376812","0.6256410256410256","0.6256410256410256","0.6256410256410256","0.4727272727272727","0.4727272727272727","0.4727272727272727"
"11","0.029411764705882353","0.029411764705882353","0.029411764705882353","0.654320987654321","0.654320987654321","0.654320987654321","0.4489795918367347","0.4489795918367347","0.4489795918367347","0","0","0","0.5377358490566038","0.5377358490566038","0.5377358490566038","0.5310734463276836","0.5310734463276836","0.5310734463276836","0.6386554621848739","0.6386554621848739","0.6386554621848739","0.42696629213483145","0.42696629213483145","0.42696629213483145","0.2619047619047619","0.2619047619047619","0.2619047619047619","0","0","0","0.5514018691588785","0.5514018691588785","0.5514018691588785","0.40707964601769914","0.40707964601769914","0.40707964601769914","0.18421052631578946","0.18421052631578946","0.18421052631578946","0","0","0","0.028985507246376812","0.028985507246376812","0.028985507246376812","0.45652173913043476","0.45652173913043476","0.45652173913043476","0.5633802816901409","0.5633802816901409","0.5633802816901409","0.35789473684210527","0.35789473684210527","0.35789473684210527","0.16","0.16","0.16","0","0","0","0.3333333333333333","0.3333333333333333","0.3333333333333333","0.6129032258064516","0.6129032258064516","0.6129032258064516","0.6259541984732825","0.6259541984732825","0.6259541984732825","0","0","0","0.1095890410958904","0.1095890410958904","0.1095890410958904","0.6387434554973822","0.6387434554973822","0.6387434554973822","0.4583333333333333","0.4583333333333333","0.4583333333333333","0.5549132947976878","0.5549132947976878","0.5549132947976878","0.594059405940594","0.594059405940594","0.594059405940594","0.5321100917431193","0.5321100917431193","0.5321100917431193"
"12","0.43010752688172044","0.43010752688172044","0.43010752688172044","0.60431654676259","0.60431654676259","0.60431654676259","0.44660194174757284","0.44660194174757284","0.44660194174757284","0","0","0","0.029411764705882353","0.029411764705882353","0.029411764705882353","0.5394190871369294","0.5394190871369294","0.5394190871369294","0.5294117647058824","0.5294117647058824","0.5294117647058824","0.5714285714285714","0.5714285714285714","0.5714285714285714","","","","0","0","0","0.6057142857142858","0.6057142857142858","0.6057142857142858","0.6","0.6","0.6","0","0","0","0.5785123966942148","0.5785123966942148","0.5785123966942148","0.10810810810810811","0.10810810810810811","0.10810810810810811","0.5255474452554745","0.5255474452554745","0.5255474452554745","0.5526315789473685","0.5526315789473685","0.5526315789473685","0.64","0.64","0.64","0","0","0","0","0","0","0.029411764705882353","0.029411764705882353","0.029411764705882353","0.2564102564102564","0.2564102564102564","0.2564102564102564","0.02857142857142857","0.02857142857142857","0.02857142857142857","0","0","0","0.5","0.5","0.5","0.5714285714285714","0.5714285714285714","0.5714285714285714","0.6190476190476191","0.6190476190476191","0.6190476190476191","0.4","0.4","0.4","0.6060606060606061","0.6060606060606061","0.6060606060606061","0.6486486486486487","0.6486486486486487","0.6486486486486487"
"13","0.5504587155963303","0.5504587155963303","0.5504587155963303","0.603448275862069","0.603448275862069","0.603448275862069","0.5391304347826087","0.5391304347826087","0.5391304347826087","0","0","0","0.3076923076923077","0.3076923076923077","0.3076923076923077","0.5726495726495726","0.5726495726495726","0.5726495726495726","0.64","0.64","0.64","0.5576923076923077","0.5576923076923077","0.5576923076923077","","","","0","0","0","0.44642857142857145","0.44642857142857145","0.44642857142857145","0.591304347826087","0.591304347826087","0.591304347826087","0.5491803278688525","0.5491803278688525","0.5491803278688525","0.4375","0.4375","0.4375","0.3617021276595745","0.3617021276595745","0.3617021276595745","0.5803571428571429","0.5803571428571429","0.5803571428571429","0.2222222222222222","0.2222222222222222","0.2222222222222222","0.5871559633027523","0.5871559633027523","0.5871559633027523","0.2077922077922078","0.2077922077922078","0.2077922077922078","0","0","0","0.6099290780141844","0.6099290780141844","0.6099290780141844","0.6615384615384615","0.6615384615384615","0.6615384615384615","0.6865671641791045","0.6865671641791045","0.6865671641791045","0","0","0","0.25316455696202533","0.25316455696202533","0.25316455696202533","0.6055045871559633","0.6055045871559633","0.6055045871559633","0.08450704225352113","0.08450704225352113","0.08450704225352113","0.43956043956043955","0.43956043956043955","0.43956043956043955","0.5327868852459017","0.5327868852459017","0.5327868852459017","0.37362637362637363","0.37362637362637363","0.37362637362637363"
"14","0.4175824175824176","0.4175824175824176","0.4175824175824176","0.6890756302521008","0.6890756302521008","0.6890756302521008","0.5217391304347826","0.5217391304347826","0.5217391304347826","0.3958333333333333","0.3958333333333333","0.3958333333333333","0.3893805309734513","0.3893805309734513","0.3893805309734513","0.6212121212121212","0.6212121212121212","0.6212121212121212","0.5769230769230769","0.5769230769230769","0.5769230769230769","0.6491228070175439","0.6491228070175439","0.6491228070175439","","","","0","0","0","0.3488372093023256","0.3488372093023256","0.3488372093023256","0.5507246376811594","0.5507246376811594","0.5507246376811594","0.21951219512195122","0.21951219512195122","0.21951219512195122","0.42105263157894735","0.42105263157894735","0.42105263157894735","0.6428571428571429","0.6428571428571429","0.6428571428571429","0.5420560747663551","0.5420560747663551","0.5420560747663551","0.3488372093023256","0.3488372093023256","0.3488372093023256","0.6447368421052632","0.6447368421052632","0.6447368421052632","0.632258064516129","0.632258064516129","0.632258064516129","0","0","0","0.45614035087719296","0.45614035087719296","0.45614035087719296","0.696969696969697","0.696969696969697","0.696969696969697","0.7012987012987013","0.7012987012987013","0.7012987012987013","0","0","0","0.3764705882352941","0.3764705882352941","0.3764705882352941","0.6470588235294118","0.6470588235294118","0.6470588235294118","0","0","0","0","0","0","0.5469387755102041","0.5469387755102041","0.5469387755102041","0.688","0.688","0.688"
"15","0.41304347826086957","0.41304347826086957","0.41304347826086957","0.639344262295082","0.639344262295082","0.639344262295082","0.5789473684210527","0.5789473684210527","0.5789473684210527","0.5555555555555556","0.5555555555555556","0.5555555555555556","0.5254237288135594","0.5254237288135594","0.5254237288135594","0.6171428571428571","0.6171428571428571","0.6171428571428571","0.6519337016574586","0.6519337016574586","0.6519337016574586","0.6666666666666666","0.6666666666666666","0.6666666666666666","","","","0","0","0","0.5895953757225434","0.5895953757225434","0.5895953757225434","0.5370370370370371","0.5370370370370371","0.5370370370370371","0.029411764705882353","0.029411764705882353","0.029411764705882353","0","0","0","0.5585585585585585","0.5585585585585585","0.5585585585585585","0.5827814569536424","0.5827814569536424","0.5827814569536424","0.6097560975609756","0.6097560975609756","0.6097560975609756","0.611764705882353","0.611764705882353","0.611764705882353","0.028985507246376812","0.028985507246376812","0.028985507246376812","0","0","0","0.34782608695652173","0.34782608695652173","0.34782608695652173","0.6666666666666666","0.6666666666666666","0.6666666666666666","0.3956043956043956","0.3956043956043956","0.3956043956043956","0","0","0","0.5","0.5","0.5","0.7132867132867133","0.7132867132867133","0.7132867132867133","0.40425531914893614","0.40425531914893614","0.40425531914893614","0.2077922077922078","0.2077922077922078","0.2077922077922078","0.5631067961165048","0.5631067961165048","0.5631067961165048","0.6666666666666666","0.6666666666666666","0.6666666666666666"
"16","0.4158415841584158","0.4158415841584158","0.4158415841584158","0.5148514851485149","0.5148514851485149","0.5148514851485149","0.6206896551724138","0.6206896551724138","0.6206896551724138","0.5714285714285714","0.5714285714285714","0.5714285714285714","0.5486725663716814","0.5486725663716814","0.5486725663716814","0.5876288659793815","0.5876288659793815","0.5876288659793815","0.5769230769230769","0.5769230769230769","0.5769230769230769","0.5862068965517241","0.5862068965517241","0.5862068965517241","","","","0","0","0","0.3956043956043956","0.3956043956043956","0.3956043956043956","0.6446280991735537","0.6446280991735537","0.6446280991735537","0.5935483870967742","0.5935483870967742","0.5935483870967742","0.5688073394495413","0.5688073394495413","0.5688073394495413","0.5981308411214953","0.5981308411214953","0.5981308411214953","0.6","0.6","0.6","0.6833333333333333","0.6833333333333333","0.6833333333333333","0.6166666666666667","0.6166666666666667","0.6166666666666667","0.5925925925925926","0.5925925925925926","0.5925925925925926","0","0","0","0.6461538461538462","0.6461538461538462","0.6461538461538462","0.7313432835820896","0.7313432835820896","0.7313432835820896","0.5953488372093023","0.5953488372093023","0.5953488372093023","0.3488372093023256","0.3488372093023256","0.3488372093023256","0.6260869565217392","0.6260869565217392","0.6260869565217392","0.6885245901639344","0.6885245901639344","0.6885245901639344","0.38636363636363635","0.38636363636363635","0.38636363636363635","0.6474820143884892","0.6474820143884892","0.6474820143884892","0.6394557823129252","0.6394557823129252","0.6394557823129252","0.656","0.656","0.656"
"17","0.13513513513513514","0.13513513513513514","0.13513513513513514","0.5882352941176471","0.5882352941176471","0.5882352941176471","0.6666666666666666","0.6666666666666666","0.6666666666666666","0.5714285714285714","0.5714285714285714","0.5714285714285714","0.325","0.325","0.325","0.5384615384615384","0.5384615384615384","0.5384615384615384","0.6507936507936508","0.6507936507936508","0.6507936507936508","0.6867469879518072","0.6867469879518072","0.6867469879518072","","","","0.05714285714285714","0.05714285714285714","0.05714285714285714","0.6493506493506493","0.6493506493506493","0.6493506493506493","0.6181818181818182","0.6181818181818182","0.6181818181818182","0.2564102564102564","0.2564102564102564","0.2564102564102564","0.1282051282051282","0.1282051282051282","0.1282051282051282","0.3764705882352941","0.3764705882352941","0.3764705882352941","0.5333333333333333","0.5333333333333333","0.5333333333333333","0.5714285714285714","0.5714285714285714","0.5714285714285714","0.5714285714285714","0.5714285714285714","0.5714285714285714","0.656934306569343","0.656934306569343","0.656934306569343","0","0","0","0.3595505617977528","0.3595505617977528","0.3595505617977528","0.6551724137931034","0.6551724137931034","0.6551724137931034","0.6993006993006993","0.6993006993006993","0.6993006993006993","0.5801526717557252","0.5801526717557252","0.5801526717557252","0.6986301369863014","0.6986301369863014","0.6986301369863014","0.6434782608695652","0.6434782608695652","0.6434782608695652","0.6797385620915033","0.6797385620915033","0.6797385620915033","0.6296296296296297","0.6296296296296297","0.6296296296296297","0.5684210526315789","0.5684210526315789","0.5684210526315789","0.6612903225806451","0.6612903225806451","0.6612903225806451"
"18","0.6518518518518519","0.6518518518518519","0.6518518518518519","0.6551724137931034","0.6551724137931034","0.6551724137931034","0.45714285714285713","0.45714285714285713","0.45714285714285713","0.544","0.544","0.544","0.6176470588235294","0.6176470588235294","0.6176470588235294","0.5871559633027523","0.5871559633027523","0.5871559633027523","0.3958333333333333","0.3958333333333333","0.3958333333333333","0.5436893203883495","0.5436893203883495","0.5436893203883495","","","","0.4485981308411215","0.4485981308411215","0.4485981308411215","0.6290322580645161","0.6290322580645161","0.6290322580645161","0.5","0.5","0.5","0.5666666666666667","0.5666666666666667","0.5666666666666667","0.7014925373134329","0.7014925373134329","0.7014925373134329","0.6206896551724138","0.6206896551724138","0.6206896551724138","0.4807692307692308","0.4807692307692308","0.4807692307692308","0.684931506849315","0.684931506849315","0.684931506849315","0.52","0.52","0.52","0.24691358024691357","0.24691358024691357","0.24691358024691357","0","0","0","0.5689655172413793","0.5689655172413793","0.5689655172413793","0.6386554621848739","0.6386554621848739","0.6386554621848739","0.6506024096385542","0.6506024096385542","0.6506024096385542","0.6333333333333333","0.6333333333333333","0.6333333333333333","0.6837606837606838","0.6837606837606838","0.6837606837606838","0.6324786324786325","0.6324786324786325","0.6324786324786325","0.6440677966101694","0.6440677966101694","0.6440677966101694","0.6218487394957983","0.6218487394957983","0.6218487394957983","0.704225352112676","0.704225352112676","0.704225352112676","0.6333333333333333","0.6333333333333333","0.6333333333333333"
"19","0.5094339622641509","0.5094339622641509","0.5094339622641509","0.4842105263157895","0.4842105263157895","0.4842105263157895","0.6222222222222222","0.6222222222222222","0.6222222222222222","0.5217391304347826","0.5217391304347826","0.5217391304347826","0.5714285714285714","0.5714285714285714","0.5714285714285714","0.6618705035971223","0.6618705035971223","0.6618705035971223","0.7313432835820896","0.7313432835820896","0.7313432835820896","0.5523809523809524","0.5523809523809524","0.5523809523809524","","","","0.5957446808510638","0.5957446808510638","0.5957446808510638","0.5777777777777777","0.5777777777777777","0.5777777777777777","0.5765765765765766","0.5765765765765766","0.5765765765765766","0.08333333333333333","0.08333333333333333","0.08333333333333333","0.6616541353383458","0.6616541353383458","0.6616541353383458","0.6306306306306306","0.6306306306306306","0.6306306306306306","0.6","0.6","0.6","0.6714285714285714","0.6714285714285714","0.6714285714285714","0.6519337016574586","0.6519337016574586","0.6519337016574586","0.64","0.64","0.64","0.591304347826087","0.591304347826087","0.591304347826087","0.624","0.624","0.624","0.696969696969697","0.696969696969697","0.696969696969697","0.6363636363636364","0.6363636363636364","0.6363636363636364","0.6176470588235294","0.6176470588235294","0.6176470588235294","0.6865671641791045","0.6865671641791045","0.6865671641791045","0.6111111111111112","0.6111111111111112","0.6111111111111112","0.21052631578947367","0.21052631578947367","0.21052631578947367","0.6290322580645161","0.6290322580645161","0.6290322580645161","0.7222222222222222","0.7222222222222222","0.7222222222222222","0.7058823529411765","0.7058823529411765","0.7058823529411765"
"20","0.6206896551724138","0.6206896551724138","0.6206896551724138","0.6838709677419355","0.6838709677419355","0.6838709677419355","0.6211180124223602","0.6211180124223602","0.6211180124223602","0.5915492957746479","0.5915492957746479","0.5915492957746479","0.64","0.64","0.64","0.5982905982905983","0.5982905982905983","0.5982905982905983","0.6495726495726496","0.6495726495726496","0.6495726495726496","0.5102040816326531","0.5102040816326531","0.5102040816326531","","","","0.3953488372093023","0.3953488372093023","0.3953488372093023","0.16216216216216217","0.16216216216216217","0.16216216216216217","0.5964912280701754","0.5964912280701754","0.5964912280701754","0.7172413793103448","0.7172413793103448","0.7172413793103448","0.6395939086294417","0.6395939086294417","0.6395939086294417","0.5739910313901345","0.5739910313901345","0.5739910313901345","0.6050420168067226","0.6050420168067226","0.6050420168067226","0.7205882352941176","0.7205882352941176","0.7205882352941176","0.6242038216560509","0.6242038216560509","0.6242038216560509","0.6296296296296297","0.6296296296296297","0.6296296296296297","0.5225225225225225","0.5225225225225225","0.5225225225225225","0.3333333333333333","0.3333333333333333","0.3333333333333333","0.6758620689655173","0.6758620689655173","0.6758620689655173","0.6890756302521008","0.6890756302521008","0.6890756302521008","0.6666666666666666","0.6666666666666666","0.6666666666666666","0.6260869565217392","0.6260869565217392","0.6260869565217392","0.6548672566371682","0.6548672566371682","0.6548672566371682","0.4631578947368421","0.4631578947368421","0.4631578947368421","0.6446280991735537","0.6446280991735537","0.6446280991735537","0.7169811320754716","0.7169811320754716","0.7169811320754716","0.7313432835820896","0.7313432835820896","0.7313432835820896"
"21","0.6754966887417219","0.6754966887417219","0.6754966887417219","0.7218045112781954","0.7218045112781954","0.7218045112781954","0.625","0.625","0.625","0.6212121212121212","0.6212121212121212","0.6212121212121212","0.6238532110091743","0.6238532110091743","0.6238532110091743","0.6341463414634146","0.6341463414634146","0.6341463414634146","0.6891891891891891","0.6891891891891891","0.6891891891891891","0.6370370370370371","0.6370370370370371","0.6370370370370371","","","","0.4583333333333333","0.4583333333333333","0.4583333333333333","0.6991869918699187","0.6991869918699187","0.6991869918699187","0.6440677966101694","0.6440677966101694","0.6440677966101694","0.6533333333333333","0.6533333333333333","0.6533333333333333","0.08450704225352113","0.08450704225352113","0.08450704225352113","0.703125","0.703125","0.703125","0.6451612903225806","0.6451612903225806","0.6451612903225806","0.6341463414634146","0.6341463414634146","0.6341463414634146","0.6911764705882353","0.6911764705882353","0.6911764705882353","0.6473988439306358","0.6473988439306358","0.6473988439306358","0.6666666666666666","0.6666666666666666","0.6666666666666666","0.5660377358490566","0.5660377358490566","0.5660377358490566","0.631578947368421","0.631578947368421","0.631578947368421","0.6548672566371682","0.6548672566371682","0.6548672566371682","0.6293706293706294","0.6293706293706294","0.6293706293706294","0.7258064516129032","0.7258064516129032","0.7258064516129032","0.6355140186915887","0.6355140186915887","0.6355140186915887","0.6623376623376623","0.6623376623376623","0.6623376623376623","0.6446280991735537","0.6446280991735537","0.6446280991735537","0.6956521739130435","0.6956521739130435","0.6956521739130435","0.7407407407407407","0.7407407407407407","0.7407407407407407"
"22","0.6306306306306306","0.6306306306306306","0.6306306306306306","0.6608695652173913","0.6608695652173913","0.6608695652173913","0.6363636363636364","0.6363636363636364","0.6363636363636364","0.5470085470085471","0.5470085470085471","0.5470085470085471","0.5576923076923077","0.5576923076923077","0.5576923076923077","0.6308724832214765","0.6308724832214765","0.6308724832214765","0.6486486486486487","0.6486486486486487","0.6486486486486487","0.6482758620689655","0.6482758620689655","0.6482758620689655","","","","0.5988023952095808","0.5988023952095808","0.5988023952095808","0.6153846153846154","0.6153846153846154","0.6153846153846154","0.5510204081632653","0.5510204081632653","0.5510204081632653","0.6065573770491803","0.6065573770491803","0.6065573770491803","0.3373493975903614","0.3373493975903614","0.3373493975903614","0.7222222222222222","0.7222222222222222","0.7222222222222222","0.6050420168067226","0.6050420168067226","0.6050420168067226","0.704","0.704","0.704","0.5607476635514018","0.5607476635514018","0.5607476635514018","0.43010752688172044","0.43010752688172044","0.43010752688172044","0.5352112676056338","0.5352112676056338","0.5352112676056338","0.6451612903225806","0.6451612903225806","0.6451612903225806","0.5660377358490566","0.5660377358490566","0.5660377358490566","0.5909090909090909","0.5909090909090909","0.5909090909090909","0.5384615384615384","0.5384615384615384","0.5384615384615384","0.6466165413533834","0.6466165413533834","0.6466165413533834","0.6962962962962963","0.6962962962962963","0.6962962962962963","0.691358024691358","0.691358024691358","0.691358024691358","0.6371681415929203","0.6371681415929203","0.6371681415929203","0.6363636363636364","0.6363636363636364","0.6363636363636364","0.7213114754098361","0.7213114754098361","0.7213114754098361"
"23","0.7132867132867133","0.7132867132867133","0.7132867132867133","0.7049180327868853","0.7049180327868853","0.7049180327868853","0.5765765765765766","0.5765765765765766","0.5765765765765766","0.5689655172413793","0.5689655172413793","0.5689655172413793","0.4948453608247423","0.4948453608247423","0.4948453608247423","0.65","0.65","0.65","0.5490196078431373","0.5490196078431373","0.5490196078431373","0.6504065040650406","0.6504065040650406","0.6504065040650406","","","","0.5294117647058824","0.5294117647058824","0.5294117647058824","0.6833333333333333","0.6833333333333333","0.6833333333333333","0.6938775510204082","0.6938775510204082","0.6938775510204082","0.5862068965517241","0.5862068965517241","0.5862068965517241","0.32098765432098764","0.32098765432098764","0.32098765432098764","0.5544554455445545","0.5544554455445545","0.5544554455445545","0.6614173228346457","0.6614173228346457","0.6614173228346457","0.6446280991735537","0.6446280991735537","0.6446280991735537","0.6206896551724138","0.6206896551724138","0.6206896551724138","0.6923076923076923","0.6923076923076923","0.6923076923076923","0.6504065040650406","0.6504065040650406","0.6504065040650406","0.6351351351351351","0.6351351351351351","0.6351351351351351","0.6666666666666666","0.6666666666666666","0.6666666666666666","0.7218045112781954","0.7218045112781954","0.7218045112781954","0.5447154471544715","0.5447154471544715","0.5447154471544715","0.672","0.672","0.672","0.6140350877192983","0.6140350877192983","0.6140350877192983","0.6496815286624203","0.6496815286624203","0.6496815286624203","0.6333333333333333","0.6333333333333333","0.6333333333333333","0.616822429906542","0.616822429906542","0.616822429906542","0.6829268292682927","0.6829268292682927","0.6829268292682927"
"24","0.6415094339622641","0.6415094339622641","0.6415094339622641","0.5882352941176471","0.5882352941176471","0.5882352941176471","0.631578947368421","0.631578947368421","0.631578947368421","0.6065573770491803","0.6065573770491803","0.6065573770491803","0.5660377358490566","0.5660377358490566","0.5660377358490566","0.625","0.625","0.625","0.616822429906542","0.616822429906542","0.616822429906542","0.6762589928057554","0.6762589928057554","0.6762589928057554","","","","0.6436781609195402","0.6436781609195402","0.6436781609195402","0.5714285714285714","0.5714285714285714","0.5714285714285714","0.6853146853146853","0.6853146853146853","0.6853146853146853","0.5142857142857142","0.5142857142857142","0.5142857142857142","0.6225165562913907","0.6225165562913907","0.6225165562913907","0.6371681415929203","0.6371681415929203","0.6371681415929203","0.6504065040650406","0.6504065040650406","0.6504065040650406","0.688","0.688","0.688","0.5925925925925926","0.5925925925925926","0.5925925925925926","0.576","0.576","0.576","0.6764705882352942","0.6764705882352942","0.6764705882352942","0.6515151515151515","0.6515151515151515","0.6515151515151515","0.6551724137931034","0.6551724137931034","0.6551724137931034","0.6883116883116883","0.6883116883116883","0.6883116883116883","0.5343511450381679","0.5343511450381679","0.5343511450381679","0.6771653543307087","0.6771653543307087","0.6771653543307087","0.6938775510204082","0.6938775510204082","0.6938775510204082","0.65","0.65","0.65","0.6271186440677966","0.6271186440677966","0.6271186440677966","0.7333333333333333","0.7333333333333333","0.7333333333333333","0.7633587786259542","0.7633587786259542","0.7633587786259542"
"25","0.6794871794871795","0.6794871794871795","0.6794871794871795","0.5904761904761905","0.5904761904761905","0.5904761904761905","0.6857142857142857","0.6857142857142857","0.6857142857142857","0.5862068965517241","0.5862068965517241","0.5862068965517241","0.6507936507936508","0.6507936507936508","0.6507936507936508","0.6055045871559633","0.6055045871559633","0.6055045871559633","0.6885245901639344","0.6885245901639344","0.6885245901639344","0.58","0.58","0.58","","","","0.6716417910447762","0.6716417910447762","0.6716417910447762","0.6666666666666666","0.6666666666666666","0.6666666666666666","0.7194244604316546","0.7194244604316546","0.7194244604316546","0.5739130434782609","0.5739130434782609","0.5739130434782609","0.6557377049180327","0.6557377049180327","0.6557377049180327","0.672566371681416","0.672566371681416","0.672566371681416","0.6666666666666666","0.6666666666666666","0.6666666666666666","0.6330935251798561","0.6330935251798561","0.6330935251798561","0.5961538461538461","0.5961538461538461","0.5961538461538461","0.6086956521739131","0.6086956521739131","0.6086956521739131","0.36363636363636365","0.36363636363636365","0.36363636363636365","0.5636363636363636","0.5636363636363636","0.5636363636363636","0.6774193548387096","0.6774193548387096","0.6774193548387096","0.6387434554973822","0.6387434554973822","0.6387434554973822","0.5825242718446602","0.5825242718446602","0.5825242718446602","0.7205882352941176","0.7205882352941176","0.7205882352941176","0.7432432432432432","0.7432432432432432","0.7432432432432432","0.688","0.688","0.688","0.6206896551724138","0.6206896551724138","0.6206896551724138","0.6764705882352942","0.6764705882352942","0.6764705882352942","0.6495726495726496","0.6495726495726496","0.6495726495726496"
"26","0.6504065040650406","0.6504065040650406","0.6504065040650406","0.6962962962962963","0.6962962962962963","0.6962962962962963","0.6616541353383458","0.6616541353383458","0.6616541353383458","","","","0.6611570247933884","0.6611570247933884","0.6611570247933884","0.6837606837606838","0.6837606837606838","0.6837606837606838","0.6949152542372882","0.6949152542372882","0.6949152542372882","0.6610169491525424","0.6610169491525424","0.6610169491525424","","","","0.6161616161616161","0.6161616161616161","0.6161616161616161","0.5911330049261084","0.5911330049261084","0.5911330049261084","0.6111111111111112","0.6111111111111112","0.6111111111111112","0.6557377049180327","0.6557377049180327","0.6557377049180327","0.6842105263157895","0.6842105263157895","0.6842105263157895","0.5523809523809524","0.5523809523809524","0.5523809523809524","0.65","0.65","0.65","0.7007299270072993","0.7007299270072993","0.7007299270072993","0.7258064516129032","0.7258064516129032","0.7258064516129032","0.6290322580645161","0.6290322580645161","0.6290322580645161","0.6210526315789474","0.6210526315789474","0.6210526315789474","0.591304347826087","0.591304347826087","0.591304347826087","","","","0.7107438016528925","0.7107438016528925","0.7107438016528925","0.6266666666666667","0.6266666666666667","0.6266666666666667","0.6713286713286714","0.6713286713286714","0.6713286713286714","0.6751592356687898","0.6751592356687898","0.6751592356687898","0.7131782945736435","0.7131782945736435","0.7131782945736435","0.6194690265486725","0.6194690265486725","0.6194690265486725","0.6917293233082706","0.6917293233082706","0.6917293233082706","0.726027397260274","0.726027397260274","0.726027397260274"
"27","0.711864406779661","0.711864406779661","0.711864406779661","0.6666666666666666","0.6666666666666666","0.6666666666666666","0.6166666666666667","0.6166666666666667","0.6166666666666667","","","","0.6607142857142857","0.6607142857142857","0.6607142857142857","0.6428571428571429","0.6428571428571429","0.6428571428571429","0.6605504587155964","0.6605504587155964","0.6605504587155964","0.6666666666666666","0.6666666666666666","0.6666666666666666","","","","0.6564885496183206","0.6564885496183206","0.6564885496183206","0.6764705882352942","0.6764705882352942","0.6764705882352942","0.6956521739130435","0.6956521739130435","0.6956521739130435","0.628099173553719","0.628099173553719","0.628099173553719","0.6885245901639344","0.6885245901639344","0.6885245901639344","0.6956521739130435","0.6956521739130435","0.6956521739130435","0.6774193548387096","0.6774193548387096","0.6774193548387096","0.6722689075630253","0.6722689075630253","0.6722689075630253","0.425531914893617","0.425531914893617","0.425531914893617","0.6666666666666666","0.6666666666666666","0.6666666666666666","0.5491803278688525","0.5491803278688525","0.5491803278688525","0.6748466257668712","0.6748466257668712","0.6748466257668712","","","","0.725925925925926","0.725925925925926","0.725925925925926","0.5523809523809524","0.5523809523809524","0.5523809523809524","0.6722689075630253","0.6722689075630253","0.6722689075630253","0.7222222222222222","0.7222222222222222","0.7222222222222222","0.6885245901639344","0.6885245901639344","0.6885245901639344","0.6290322580645161","0.6290322580645161","0.6290322580645161","0.6758620689655173","0.6758620689655173","0.6758620689655173","0.72","0.72","0.72"
"28","0.6666666666666666","0.6666666666666666","0.6666666666666666","0.6551724137931034","0.6551724137931034","0.6551724137931034","0.65","0.65","0.65","","","","0.6491228070175439","0.6491228070175439","0.6491228070175439","0.6181818181818182","0.6181818181818182","0.6181818181818182","0.6285714285714286","0.6285714285714286","0.6285714285714286","0.6890756302521008","0.6890756302521008","0.6890756302521008","","","","0.6557377049180327","0.6557377049180327","0.6557377049180327","0.628099173553719","0.628099173553719","0.628099173553719","0.7272727272727273","0.7272727272727273","0.7272727272727273","0.6086956521739131","0.6086956521739131","0.6086956521739131","0.6829268292682927","0.6829268292682927","0.6829268292682927","0.6037735849056604","0.6037735849056604","0.6037735849056604","0.6666666666666666","0.6666666666666666","0.6666666666666666","0.7014925373134329","0.7014925373134329","0.7014925373134329","0.6495726495726496","0.6495726495726496","0.6495726495726496","0.704225352112676","0.704225352112676","0.704225352112676","0.46017699115044247","0.46017699115044247","0.46017699115044247","0.6923076923076923","0.6923076923076923","0.6923076923076923","","","","0.7092198581560284","0.7092198581560284","0.7092198581560284","0.6466165413533834","0.6466165413533834","0.6466165413533834","0.7310344827586207","0.7310344827586207","0.7310344827586207","0.7058823529411765","0.7058823529411765","0.7058823529411765","0.6779661016949152","0.6779661016949152","0.6779661016949152","0.6446280991735537","0.6446280991735537","0.6446280991735537","0.6608695652173913","0.6608695652173913","0.6608695652173913","0.6942148760330579","0.6942148760330579","0.6942148760330579"
"29","0.7022900763358778","0.7022900763358778","0.7022900763358778","0.6788990825688074","0.6788990825688074","0.6788990825688074","0.7164179104477612","0.7164179104477612","0.7164179104477612","","","","0.6917293233082706","0.6917293233082706","0.6917293233082706","0.6771653543307087","0.6771653543307087","0.6771653543307087","0.6095238095238096","0.6095238095238096","0.6095238095238096","0.6837606837606838","0.6837606837606838","0.6837606837606838","","","","0.6153846153846154","0.6153846153846154","0.6153846153846154","0.656","0.656","0.656","0.625","0.625","0.625","0.628099173553719","0.628099173553719","0.628099173553719","0.6666666666666666","0.6666666666666666","0.6666666666666666","0.6829268292682927","0.6829268292682927","0.6829268292682927","0.5765765765765766","0.5765765765765766","0.5765765765765766","0.6614173228346457","0.6614173228346457","0.6614173228346457","0.5767441860465117","0.5767441860465117","0.5767441860465117","0.37209302325581395","0.37209302325581395","0.37209302325581395","0.5223880597014925","0.5223880597014925","0.5223880597014925","0.4631578947368421","0.4631578947368421","0.4631578947368421","","","","0.6594594594594595","0.6594594594594595","0.6594594594594595","0.6573426573426573","0.6573426573426573","0.6573426573426573","0.7213114754098361","0.7213114754098361","0.7213114754098361","0.7317073170731707","0.7317073170731707","0.7317073170731707","0.6842105263157895","0.6842105263157895","0.6842105263157895","0.6206896551724138","0.6206896551724138","0.6206896551724138","0.6078431372549019","0.6078431372549019","0.6078431372549019","0.6829268292682927","0.6829268292682927","0.6829268292682927"
"30","0.6181818181818182","0.6181818181818182","0.6181818181818182","0.6724137931034483","0.6724137931034483","0.6724137931034483","0.6751592356687898","0.6751592356687898","0.6751592356687898","","","","0.6","0.6","0.6","0.7142857142857143","0.7142857142857143","0.7142857142857143","0.6929133858267716","0.6929133858267716","0.6929133858267716","0.6829268292682927","0.6829268292682927","0.6829268292682927","","","","0.5925925925925926","0.5925925925925926","0.5925925925925926","0.672","0.672","0.672","0.706766917293233","0.706766917293233","0.706766917293233","0.6446280991735537","0.6446280991735537","0.6446280991735537","0.6548672566371682","0.6548672566371682","0.6548672566371682","0.616822429906542","0.616822429906542","0.616822429906542","0.6666666666666666","0.6666666666666666","0.6666666666666666","0.6524822695035462","0.6524822695035462","0.6524822695035462","0.5972850678733032","0.5972850678733032","0.5972850678733032","0.5565217391304348","0.5565217391304348","0.5565217391304348","0.7058823529411765","0.7058823529411765","0.7058823529411765","0.696969696969697","0.696969696969697","0.696969696969697","","","","0.6956521739130435","0.6956521739130435","0.6956521739130435","0.5178571428571429","0.5178571428571429","0.5178571428571429","0.6721311475409836","0.6721311475409836","0.6721311475409836","0.7154471544715447","0.7154471544715447","0.7154471544715447","0.6870229007633588","0.6870229007633588","0.6870229007633588","0.6307692307692307","0.6307692307692307","0.6307692307692307","0.6885245901639344","0.6885245901639344","0.6885245901639344","0.7076923076923077","0.7076923076923077","0.7076923076923077"
"31","0.6554621848739496","0.6554621848739496","0.6554621848739496","0.6788990825688074","0.6788990825688074","0.6788990825688074","0.6504065040650406","0.6504065040650406","0.6504065040650406","","","","0.7142857142857143","0.7142857142857143","0.7142857142857143","0.6993006993006993","0.6993006993006993","0.6993006993006993","0.6666666666666666","0.6666666666666666","0.6666666666666666","0.6929133858267716","0.6929133858267716","0.6929133858267716","","","","0.6193548387096774","0.6193548387096774","0.6193548387096774","0.6829268292682927","0.6829268292682927","0.6829268292682927","0.631578947368421","0.631578947368421","0.631578947368421","0.6115702479338843","0.6115702479338843","0.6115702479338843","0.6491228070175439","0.6491228070175439","0.6491228070175439","0.56","0.56","0.56","0.65625","0.65625","0.65625","0.6825396825396826","0.6825396825396826","0.6825396825396826","0.6785714285714286","0.6785714285714286","0.6785714285714286","0.6307692307692307","0.6307692307692307","0.6307692307692307","0.5045045045045045","0.5045045045045045","0.5045045045045045","0.7022900763358778","0.7022900763358778","0.7022900763358778","","","","0.7313432835820896","0.7313432835820896","0.7313432835820896","0.65","0.65","0.65","0.7258064516129032","0.7258064516129032","0.7258064516129032","0.6890756302521008","0.6890756302521008","0.6890756302521008","0.7218045112781954","0.7218045112781954","0.7218045112781954","0.6016260162601627","0.6016260162601627","0.6016260162601627","0.7121212121212122","0.7121212121212122","0.7121212121212122","0.7218045112781954","0.7218045112781954","0.7218045112781954"
"32","0.6875","0.6875","0.6875","0.7258064516129032","0.7258064516129032","0.7258064516129032","0.6379310344827587","0.6379310344827587","0.6379310344827587","","","","0.7424242424242424","0.7424242424242424","0.7424242424242424","0.696969696969697","0.696969696969697","0.696969696969697","0.6861313868613139","0.6861313868613139","0.6861313868613139","0.6557377049180327","0.6557377049180327","0.6557377049180327","","","","0.628099173553719","0.628099173553719","0.628099173553719","0.6615384615384615","0.6615384615384615","0.6615384615384615","0.6491228070175439","0.6491228070175439","0.6491228070175439","0.5892857142857143","0.5892857142857143","0.5892857142857143","0.6440677966101694","0.6440677966101694","0.6440677966101694","0.6918238993710691","0.6918238993710691","0.6918238993710691","0.6885245901639344","0.6885245901639344","0.6885245901639344","0.7096774193548387","0.7096774193548387","0.7096774193548387","0.7022900763358778","0.7022900763358778","0.7022900763358778","0.592","0.592","0.592","0.5882352941176471","0.5882352941176471","0.5882352941176471","0.6238532110091743","0.6238532110091743","0.6238532110091743","","","","0.7352941176470589","0.7352941176470589","0.7352941176470589","0.5192307692307693","0.5192307692307693","0.5192307692307693","","","","0.7142857142857143","0.7142857142857143","0.7142857142857143","0.6624203821656051","0.6624203821656051","0.6624203821656051","0.6349206349206349","0.6349206349206349","0.6349206349206349","0.6885245901639344","0.6885245901639344","0.6885245901639344","0.7286821705426356","0.7286821705426356","0.7286821705426356"
"33","0.6181818181818182","0.6181818181818182","0.6181818181818182","0.7058823529411765","0.7058823529411765","0.7058823529411765","0.6666666666666666","0.6666666666666666","0.6666666666666666","","","","0.7307692307692307","0.7307692307692307","0.7307692307692307","0.6821705426356589","0.6821705426356589","0.6821705426356589","0.7166666666666667","0.7166666666666667","0.7166666666666667","0.6554621848739496","0.6554621848739496","0.6554621848739496","","","","0.6274509803921569","0.6274509803921569","0.6274509803921569","0.6363636363636364","0.6363636363636364","0.6363636363636364","0.625","0.625","0.625","0.6229508196721312","0.6229508196721312","0.6229508196721312","0.6608695652173913","0.6608695652173913","0.6608695652173913","0.6518518518518519","0.6518518518518519","0.6518518518518519","0.6764705882352942","0.6764705882352942","0.6764705882352942","0.7338129496402878","0.7338129496402878","0.7338129496402878","0.6821705426356589","0.6821705426356589","0.6821705426356589","0.6717557251908397","0.6717557251908397","0.6717557251908397","0.6153846153846154","0.6153846153846154","0.6153846153846154","0.6818181818181818","0.6818181818181818","0.6818181818181818","","","","0.7297297297297297","0.7297297297297297","0.7297297297297297","0.7034482758620689","0.7034482758620689","0.7034482758620689","","","","0.72","0.72","0.72","0.6923076923076923","0.6923076923076923","0.6923076923076923","0.6","0.6","0.6","0.6976744186046512","0.6976744186046512","0.6976744186046512","0.7154471544715447","0.7154471544715447","0.7154471544715447"
"34","0.4421052631578947","0.4421052631578947","0.4421052631578947","0.5656565656565656","0.5656565656565656","0.5656565656565656","0.6153846153846154","0.6153846153846154","0.6153846153846154","","","","0.6363636363636364","0.6363636363636364","0.6363636363636364","0.6495726495726496","0.6495726495726496","0.6495726495726496","0.7246376811594203","0.7246376811594203","0.7246376811594203","0.6557377049180327","0.6557377049180327","0.6557377049180327","","","","0.6323529411764706","0.6323529411764706","0.6323529411764706","0.6285714285714286","0.6285714285714286","0.6285714285714286","0.6349206349206349","0.6349206349206349","0.6349206349206349","0.6141732283464567","0.6141732283464567","0.6141732283464567","0.6896551724137931","0.6896551724137931","0.6896551724137931","0.6481481481481481","0.6481481481481481","0.6481481481481481","0.6086956521739131","0.6086956521739131","0.6086956521739131","0.6625766871165644","0.6625766871165644","0.6625766871165644","0.6917293233082706","0.6917293233082706","0.6917293233082706","0.588957055214724","0.588957055214724","0.588957055214724","0.6923076923076923","0.6923076923076923","0.6923076923076923","0.6336633663366337","0.6336633663366337","0.6336633663366337","","","","0.7397260273972602","0.7397260273972602","0.7397260273972602","0.6341463414634146","0.6341463414634146","0.6341463414634146","","","","0.6991869918699187","0.6991869918699187","0.6991869918699187","0.6779661016949152","0.6779661016949152","0.6779661016949152","0.65625","0.65625","0.65625","0.6935483870967742","0.6935483870967742","0.6935483870967742","0.7401574803149606","0.7401574803149606","0.7401574803149606"
"35","0.7213114754098361","0.7213114754098361","0.7213114754098361","0.7368421052631579","0.7368421052631579","0.7368421052631579","0.7","0.7","0.7","","","","0.7088607594936709","0.7088607594936709","0.7088607594936709","0.7058823529411765","0.7058823529411765","0.7058823529411765","0.7407407407407407","0.7407407407407407","0.7407407407407407","0.65","0.65","0.65","","","","0.6715328467153284","0.6715328467153284","0.6715328467153284","0.7596899224806202","0.7596899224806202","0.7596899224806202","0.696969696969697","0.696969696969697","0.696969696969697","0.5739130434782609","0.5739130434782609","0.5739130434782609","0.6666666666666666","0.6666666666666666","0.6666666666666666","0.6428571428571429","0.6428571428571429","0.6428571428571429","0.6721311475409836","0.6721311475409836","0.6721311475409836","0.75","0.75","0.75","0.7014925373134329","0.7014925373134329","0.7014925373134329","0.5576923076923077","0.5576923076923077","0.5576923076923077","0.6538461538461539","0.6538461538461539","0.6538461538461539","0.6984126984126984","0.6984126984126984","0.6984126984126984","","","","0.7286821705426356","0.7286821705426356","0.7286821705426356","0.6515151515151515","0.6515151515151515","0.6515151515151515","","","","0.7154471544715447","0.7154471544715447","0.7154471544715447","0.71875","0.71875","0.71875","0.6229508196721312","0.6229508196721312","0.6229508196721312","","","","0.7218045112781954","0.7218045112781954","0.7218045112781954"
"36","0.7008547008547008","0.7008547008547008","0.7008547008547008","0.7538461538461538","0.7538461538461538","0.7538461538461538","0.6614173228346457","0.6614173228346457","0.6614173228346457","","","","0.72","0.72","0.72","0.6885245901639344","0.6885245901639344","0.6885245901639344","0.7605633802816901","0.7605633802816901","0.7605633802816901","0.6611570247933884","0.6611570247933884","0.6611570247933884","","","","0.6837606837606838","0.6837606837606838","0.6837606837606838","0.6614173228346457","0.6614173228346457","0.6614173228346457","0.6771653543307087","0.6771653543307087","0.6771653543307087","0.640625","0.640625","0.640625","0.6774193548387096","0.6774193548387096","0.6774193548387096","0.7213114754098361","0.7213114754098361","0.7213114754098361","0.6379310344827587","0.6379310344827587","0.6379310344827587","0.7205882352941176","0.7205882352941176","0.7205882352941176","0.6906474820143885","0.6906474820143885","0.6906474820143885","0.6470588235294118","0.6470588235294118","0.6470588235294118","0.6428571428571429","0.6428571428571429","0.6428571428571429","0.7164179104477612","0.7164179104477612","0.7164179104477612","","","","0.7647058823529411","0.7647058823529411","0.7647058823529411","0.6825396825396826","0.6825396825396826","0.6825396825396826","","","","0.7058823529411765","0.7058823529411765","0.7058823529411765","0.6814814814814815","0.6814814814814815","0.6814814814814815","0.6349206349206349","0.6349206349206349","0.6349206349206349","","","","0.706766917293233","0.706766917293233","0.706766917293233"
"37","0.72","0.72","0.72","0.6902654867256637","0.6902654867256637","0.6902654867256637","0.7132867132867133","0.7132867132867133","0.7132867132867133","","","","0.6666666666666666","0.6666666666666666","0.6666666666666666","0.6929133858267716","0.6929133858267716","0.6929133858267716","0.7166666666666667","0.7166666666666667","0.7166666666666667","0.6666666666666666","0.6666666666666666","0.6666666666666666","","","","0.6612903225806451","0.6612903225806451","0.6612903225806451","0.656","0.656","0.656","0.7086614173228346","0.7086614173228346","0.7086614173228346","0.6016260162601627","0.6016260162601627","0.6016260162601627","0.6935483870967742","0.6935483870967742","0.6935483870967742","0.7154471544715447","0.7154471544715447","0.7154471544715447","0.6666666666666666","0.6666666666666666","0.6666666666666666","0.6481481481481481","0.6481481481481481","0.6481481481481481","0.7076923076923077","0.7076923076923077","0.7076923076923077","0.7218045112781954","0.7218045112781954","0.7218045112781954","0.6368715083798883","0.6368715083798883","0.6368715083798883","0.6324786324786325","0.6324786324786325","0.6324786324786325","","","","0.7647058823529411","0.7647058823529411","0.7647058823529411","0.6614173228346457","0.6614173228346457","0.6614173228346457","","","","0.7107438016528925","0.7107438016528925","0.7107438016528925","0.656","0.656","0.656","","","","","","","0.7218045112781954","0.7218045112781954","0.7218045112781954"
"38","0.6935483870967742","0.6935483870967742","0.6935483870967742","0.7","0.7","0.7","0.6861313868613139","0.6861313868613139","0.6861313868613139","","","","0.7272727272727273","0.7272727272727273","0.7272727272727273","0.7096774193548387","0.7096774193548387","0.7096774193548387","0.7107438016528925","0.7107438016528925","0.7107438016528925","0.6611570247933884","0.6611570247933884","0.6611570247933884","","","","0.7050359712230215","0.7050359712230215","0.7050359712230215","0.6611570247933884","0.6611570247933884","0.6611570247933884","0.6446280991735537","0.6446280991735537","0.6446280991735537","0.6201550387596899","0.6201550387596899","0.6201550387596899","0.6486486486486487","0.6486486486486487","0.6486486486486487","0.732824427480916","0.732824427480916","0.732824427480916","0.6554621848739496","0.6554621848739496","0.6554621848739496","0.7424242424242424","0.7424242424242424","0.7424242424242424","0.6875","0.6875","0.6875","0.6715328467153284","0.6715328467153284","0.6715328467153284","0.6412213740458015","0.6412213740458015","0.6412213740458015","0.6716417910447762","0.6716417910447762","0.6716417910447762","","","","0.7142857142857143","0.7142857142857143","0.7142857142857143","0.6551724137931034","0.6551724137931034","0.6551724137931034","","","","0.72","0.72","0.72","0.6829268292682927","0.6829268292682927","0.6829268292682927","","","","","","","0.7050359712230215","0.7050359712230215","0.7050359712230215"
"39","0.6885245901639344","0.6885245901639344","0.6885245901639344","0.7559055118110236","0.7559055118110236","0.7559055118110236","0.6814814814814815","0.6814814814814815","0.6814814814814815","","","","0.6549707602339181","0.6549707602339181","0.6549707602339181","0.6833333333333333","0.6833333333333333","0.6833333333333333","0.7727272727272727","0.7727272727272727","0.7727272727272727","","","","","","","0.7153284671532847","0.7153284671532847","0.7153284671532847","0.6902654867256637","0.6902654867256637","0.6902654867256637","0.7083333333333334","0.7083333333333334","0.7083333333333334","0.5806451612903226","0.5806451612903226","0.5806451612903226","0.6837606837606838","0.6837606837606838","0.6837606837606838","0.7107438016528925","0.7107438016528925","0.7107438016528925","0.631578947368421","0.631578947368421","0.631578947368421","0.7194244604316546","0.7194244604316546","0.7194244604316546","0.6917293233082706","0.6917293233082706","0.6917293233082706","0.6451612903225806","0.6451612903225806","0.6451612903225806","0.6434782608695652","0.6434782608695652","0.6434782608695652","0.6865671641791045","0.6865671641791045","0.6865671641791045","","","","0.7230769230769231","0.7230769230769231","0.7230769230769231","0.624","0.624","0.624","","","","0.7058823529411765","0.7058823529411765","0.7058823529411765","0.696969696969697","0.696969696969697","0.696969696969697","","","","","","","0.7142857142857143","0.7142857142857143","0.7142857142857143"
"40","0.6935483870967742","0.6935483870967742","0.6935483870967742","0.6902654867256637","0.6902654867256637","0.6902654867256637","0.6814814814814815","0.6814814814814815","0.6814814814814815","","","","0.7244094488188977","0.7244094488188977","0.7244094488188977","0.6942148760330579","0.6942148760330579","0.6942148760330579","0.78125","0.78125","0.78125","","","","","","","0.6711409395973155","0.6711409395973155","0.6711409395973155","0.6268656716417911","0.6268656716417911","0.6268656716417911","0.6875","0.6875","0.6875","0.608","0.608","0.608","0.6721311475409836","0.6721311475409836","0.6721311475409836","0.7272727272727273","0.7272727272727273","0.7272727272727273","0.6666666666666666","0.6666666666666666","0.6666666666666666","0.6991869918699187","0.6991869918699187","0.6991869918699187","0.7007299270072993","0.7007299270072993","0.7007299270072993","0.6944444444444444","0.6944444444444444","0.6944444444444444","0.6573426573426573","0.6573426573426573","0.6573426573426573","0.7194244604316546","0.7194244604316546","0.7194244604316546","","","","0.7175572519083969","0.7175572519083969","0.7175572519083969","0.6530612244897959","0.6530612244897959","0.6530612244897959","","","","0.7049180327868853","0.7049180327868853","0.7049180327868853","0.7101449275362319","0.7101449275362319","0.7101449275362319","","","","","","","0.7338129496402878","0.7338129496402878","0.7338129496402878"
"41","0.6666666666666666","0.6666666666666666","0.6666666666666666","0.7727272727272727","0.7727272727272727","0.7727272727272727","0.6870229007633588","0.6870229007633588","0.6870229007633588","","","","0.6935483870967742","0.6935483870967742","0.6935483870967742","0.725925925925926","0.725925925925926","0.725925925925926","0.7006369426751592","0.7006369426751592","0.7006369426751592","","","","","","","0.6666666666666666","0.6666666666666666","0.6666666666666666","0.6290322580645161","0.6290322580645161","0.6290322580645161","0.7338129496402878","0.7338129496402878","0.7338129496402878","0.5950413223140496","0.5950413223140496","0.5950413223140496","0.672","0.672","0.672","0.7258064516129032","0.7258064516129032","0.7258064516129032","0.6984126984126984","0.6984126984126984","0.6984126984126984","0.7154471544715447","0.7154471544715447","0.7154471544715447","0.6861313868613139","0.6861313868613139","0.6861313868613139","0.6814814814814815","0.6814814814814815","0.6814814814814815","0.65","0.65","0.65","0.6605504587155964","0.6605504587155964","0.6605504587155964","","","","0.7183098591549296","0.7183098591549296","0.7183098591549296","0.5964912280701754","0.5964912280701754","0.5964912280701754","","","","0.7049180327868853","0.7049180327868853","0.7049180327868853","0.6551724137931034","0.6551724137931034","0.6551724137931034","","","","","","","0.7580645161290323","0.7580645161290323","0.7580645161290323"
"42","0.7076923076923077","0.7076923076923077","0.7076923076923077","0.75177304964539","0.75177304964539","0.75177304964539","0.6762589928057554","0.6762589928057554","0.6762589928057554","","","","0.7310344827586207","0.7310344827586207","0.7310344827586207","0.7","0.7","0.7","0.75","0.75","0.75","","","","","","","0.7258064516129032","0.7258064516129032","0.7258064516129032","0.5925925925925926","0.5925925925925926","0.5925925925925926","0.6495726495726496","0.6495726495726496","0.6495726495726496","0.624","0.624","0.624","0.7022900763358778","0.7022900763358778","0.7022900763358778","0.736","0.736","0.736","0.7076923076923077","0.7076923076923077","0.7076923076923077","0.7424242424242424","0.7424242424242424","0.7424242424242424","0.7272727272727273","0.7272727272727273","0.7272727272727273","0.6896551724137931","0.6896551724137931","0.6896551724137931","0.6666666666666666","0.6666666666666666","0.6666666666666666","0.704","0.704","0.704","","","","","","","0.706766917293233","0.706766917293233","0.706766917293233","","","","0.7596899224806202","0.7596899224806202","0.7596899224806202","0.6935483870967742","0.6935483870967742","0.6935483870967742","","","","","","","0.736","0.736","0.736"
"43","0.6949152542372882","0.6949152542372882","0.6949152542372882","0.71875","0.71875","0.71875","0.6861313868613139","0.6861313868613139","0.6861313868613139","","","","","","","0.7205882352941176","0.7205882352941176","0.7205882352941176","0.5684210526315789","0.5684210526315789","0.5684210526315789","","","","","","","0.6885245901639344","0.6885245901639344","0.6885245901639344","0.65625","0.65625","0.65625","0.6666666666666666","0.6666666666666666","0.6666666666666666","0.6065573770491803","0.6065573770491803","0.6065573770491803","0.6666666666666666","0.6666666666666666","0.6666666666666666","0.7301587301587301","0.7301587301587301","0.7301587301587301","0.6829268292682927","0.6829268292682927","0.6829268292682927","","","","0.6984126984126984","0.6984126984126984","0.6984126984126984","0.6554621848739496","0.6554621848739496","0.6554621848739496","0.676056338028169","0.676056338028169","0.676056338028169","0.6811594202898551","0.6811594202898551","0.6811594202898551","","","","","","","0.6875","0.6875","0.6875","","","","0.7213114754098361","0.7213114754098361","0.7213114754098361","0.6976744186046512","0.6976744186046512","0.6976744186046512","","","","","","","0.7244094488188977","0.7244094488188977","0.7244094488188977"
"44","0.6774193548387096","0.6774193548387096","0.6774193548387096","","","","0.6993006993006993","0.6993006993006993","0.6993006993006993","","","","","","","0.7164179104477612","0.7164179104477612","0.7164179104477612","0.75","0.75","0.75","","","","","","","0.6610169491525424","0.6610169491525424","0.6610169491525424","0.672","0.672","0.672","0.7256637168141593","0.7256637168141593","0.7256637168141593","0.6016260162601627","0.6016260162601627","0.6016260162601627","","","","0.734375","0.734375","0.734375","0.6666666666666666","0.6666666666666666","0.6666666666666666","","","","0.6976744186046512","0.6976744186046512","0.6976744186046512","0.6984126984126984","0.6984126984126984","0.6984126984126984","0.6818181818181818","0.6818181818181818","0.6818181818181818","0.7121212121212122","0.7121212121212122","0.7121212121212122","","","","","","","0.7230769230769231","0.7230769230769231","0.7230769230769231","","","","0.7258064516129032","0.7258064516129032","0.7258064516129032","0.6504065040650406","0.6504065040650406","0.6504065040650406","","","","","","","0.7175572519083969","0.7175572519083969","0.7175572519083969"
"45","0.6771653543307087","0.6771653543307087","0.6771653543307087","","","","0.6906474820143885","0.6906474820143885","0.6906474820143885","","","","","","","0.7230769230769231","0.7230769230769231","0.7230769230769231","0.5656565656565656","0.5656565656565656","0.5656565656565656","","","","","","","0.6306306306306306","0.6306306306306306","0.6306306306306306","0.6829268292682927","0.6829268292682927","0.6829268292682927","0.7022900763358778","0.7022900763358778","0.7022900763358778","0.6461538461538462","0.6461538461538462","0.6461538461538462","","","","0.7258064516129032","0.7258064516129032","0.7258064516129032","0.7107438016528925","0.7107438016528925","0.7107438016528925","","","","0.7121212121212122","0.7121212121212122","0.7121212121212122","0.6938775510204082","0.6938775510204082","0.6938775510204082","","","","0.6976744186046512","0.6976744186046512","0.6976744186046512","","","","","","","0.6976744186046512","0.6976744186046512","0.6976744186046512","","","","0.7142857142857143","0.7142857142857143","0.7142857142857143","0.6612903225806451","0.6612903225806451","0.6612903225806451","","","","","","","","",""
"46","0.6727272727272727","0.6727272727272727","0.6727272727272727","","","","0.6993006993006993","0.6993006993006993","0.6993006993006993","","","","","","","0.6976744186046512","0.6976744186046512","0.6976744186046512","0.7681159420289855","0.7681159420289855","0.7681159420289855","","","","","","","0.6551724137931034","0.6551724137931034","0.6551724137931034","","","","0.6774193548387096","0.6774193548387096","0.6774193548387096","0.625","0.625","0.625","","","","0.7258064516129032","0.7258064516129032","0.7258064516129032","0.7014925373134329","0.7014925373134329","0.7014925373134329","","","","0.706766917293233","0.706766917293233","0.706766917293233","0.6721311475409836","0.6721311475409836","0.6721311475409836","","","","0.706766917293233","0.706766917293233","0.706766917293233","","","","","","","0.7142857142857143","0.7142857142857143","0.7142857142857143","","","","0.7107438016528925","0.7107438016528925","0.7107438016528925","0.6825396825396826","0.6825396825396826","0.6825396825396826","","","","","","","","",""
"47","0.6721311475409836","0.6721311475409836","0.6721311475409836","","","","0.6762589928057554","0.6762589928057554","0.6762589928057554","","","","","","","0.7086614173228346","0.7086614173228346","0.7086614173228346","0.8148148148148148","0.8148148148148148","0.8148148148148148","","","","","","","0.6853146853146853","0.6853146853146853","0.6853146853146853","","","","0.6766917293233082","0.6766917293233082","0.6766917293233082","","","","","","","","","","0.6875","0.6875","0.6875","","","","0.706766917293233","0.706766917293233","0.706766917293233","0.7172413793103448","0.7172413793103448","0.7172413793103448","","","","0.7164179104477612","0.7164179104477612","0.7164179104477612","","","","","","","","","","","","","0.704","0.704","0.704","0.6935483870967742","0.6935483870967742","0.6935483870967742","","","","","","","","",""
"48","","","","","","","0.6762589928057554","0.6762589928057554","0.6762589928057554","","","","","","","0.732824427480916","0.732824427480916","0.732824427480916","0.752","0.752","0.752","","","","","","","0.6486486486486487","0.6486486486486487","0.6486486486486487","","","","0.6491228070175439","0.6491228070175439","0.6491228070175439","","","","","","","","","","0.6491228070175439","0.6491228070175439","0.6491228070175439","","","","","","","0.52","0.52","0.52","","","","0.703125","0.703125","0.703125","","","","","","","","","","","","","0.6722689075630253","0.6722689075630253","0.6722689075630253","0.6870229007633588","0.6870229007633588","0.6870229007633588","","","","","","","","",""
"49","","","","","","","0.6716417910447762","0.6716417910447762","0.6716417910447762","","","","","","","0.732824427480916","0.732824427480916","0.732824427480916","0.7851851851851852","0.7851851851851852","0.7851851851851852","","","","","","","0.6814814814814815","0.6814814814814815","0.6814814814814815","","","","0.7218045112781954","0.7218045112781954","0.7218045112781954","","","","","","","","","","0.6714285714285714","0.6714285714285714","0.6714285714285714","","","","","","","0.625","0.625","0.625","","","","0.7286821705426356","0.7286821705426356","0.7286821705426356","","","","","","","","","","","","","0.7384615384615385","0.7384615384615385","0.7384615384615385","0.6721311475409836","0.6721311475409836","0.6721311475409836","","","","","","","","",""
"50","","","","","","","","","","","","","","","","","","","","","","","","","","","","0.723404255319149","0.723404255319149","0.723404255319149","","","","0.676923076923077","0.676923076923077","0.676923076923077","","","","","","","","","","0.6495726495726496","0.6495726495726496","0.6495726495726496","","","","","","","0.5087719298245614","0.5087719298245614","0.5087719298245614","","","","0.725925925925926","0.725925925925926","0.725925925925926","","","","","","","","","","","","","0.7258064516129032","0.7258064516129032","0.7258064516129032","0.7172413793103448","0.7172413793103448","0.7172413793103448","","","","","","","","",""
"51","","","","","","","","","","","","","","","","","","","","","","","","","","","","0.71875","0.71875","0.71875","","","","0.6818181818181818","0.6818181818181818","0.6818181818181818","","","","","","","","","","0.6885245901639344","0.6885245901639344","0.6885245901639344","","","","","","","0.6473988439306358","0.6473988439306358","0.6473988439306358","","","","0.6935483870967742","0.6935483870967742","0.6935483870967742","","","","","","","","","","","","","0.7142857142857143","0.7142857142857143","0.7142857142857143","0.6722689075630253","0.6722689075630253","0.6722689075630253","","","","","","","","",""
"52","","","","","","","","","","","","","","","","","","","","","","","","","","","","0.7213114754098361","0.7213114754098361","0.7213114754098361","","","","0.6875","0.6875","0.6875","","","","","","","","","","0.6991869918699187","0.6991869918699187","0.6991869918699187","","","","","","","0.6929133858267716","0.6929133858267716","0.6929133858267716","","","","0.7419354838709677","0.7419354838709677","0.7419354838709677","","","","","","","","","","","","","0.7244094488188977","0.7244094488188977","0.7244094488188977","0.6611570247933884","0.6611570247933884","0.6611570247933884","","","","","","","","",""
"53","","","","","","","","","","","","","","","","","","","","","","","","","","","","0.7142857142857143","0.7142857142857143","0.7142857142857143","","","","0.6875","0.6875","0.6875","","","","","","","","","","0.688","0.688","0.688","","","","","","","0.6666666666666666","0.6666666666666666","0.6666666666666666","","","","0.7142857142857143","0.7142857142857143","0.7142857142857143","","","","","","","","","","","","","0.7","0.7","0.7","0.7","0.7","0.7","","","","","","","","",""
"54","","","","","","","","","","","","","","","","","","","","","","","","","","","","","","","","","","0.7121212121212122","0.7121212121212122","0.7121212121212122","","","","","","","","","","","","","","","","","","","0.6714285714285714","0.6714285714285714","0.6714285714285714","","","","0.6875","0.6875","0.6875","","","","","","","","","","","","","","","","0.7222222222222222","0.7222222222222222","0.7222222222222222","","","","","","","","",""
"55","","","","","","","","","","","","","","","","","","","","","","","","","","","","","","","","","","","","","","","","","","","","","","","","","","","","","","","","","","","","","0.7086614173228346","0.7086614173228346","0.7086614173228346","","","","","","","","","","","","","","","","0.6935483870967742","0.6935483870967742","0.6935483870967742","","","","","","","","",""
"56","","","","","","","","","","","","","","","","","","","","","","","","","","","","","","","","","","","","","","","","","","","","","","","","","","","","","","","","","","","","","0.7076923076923077","0.7076923076923077","0.7076923076923077","","","","","","","","","","","","","","","","0.6938775510204082","0.6938775510204082","0.6938775510204082","","","","","","","","",""
"57","","","","","","","","","","","","","","","","","","","","","","","","","","","","","","","","","","","","","","","","","","","","","","","","","","","","","","","","","","","","","0.7022900763358778","0.7022900763358778","0.7022900763358778","","","","","","","","","","","","","","","","0.7230769230769231","0.7230769230769231","0.7230769230769231","","","","","","","","",""
"58","","","","","","","","","","","","","","","","","","","","","","","","","","","","","","","","","","","","","","","","","","","","","","","","","","","","","","","","","","","","","0.6917293233082706","0.6917293233082706","0.6917293233082706","","","","","","","","","","","","","","","","0.7086614173228346","0.7086614173228346","0.7086614173228346","","","","","","","","",""
"59","","","","","","","","","","","","","","","","","","","","","","","","","","","","","","","","","","","","","","","","","","","","","","","","","","","","","","","","","","","","","0.7101449275362319","0.7101449275362319","0.7101449275362319","","","","","","","","","","","","","","","","0.7086614173228346","0.7086614173228346","0.7086614173228346","","","","","","","","",""