"Step","e75-30-baseline-20250607_004142 - val_auc","e75-30-baseline-20250607_004142 - val_auc__MIN","e75-30-baseline-20250607_004142 - val_auc__MAX","e75-28-baseline-20250607_003733 - val_auc","e75-28-baseline-20250607_003733 - val_auc__MIN","e75-28-baseline-20250607_003733 - val_auc__MAX","e75-29-baseline-20250607_003732 - val_auc","e75-29-baseline-20250607_003732 - val_auc__MIN","e75-29-baseline-20250607_003732 - val_auc__MAX","e75-26-baseline-20250607_002723 - val_auc","e75-26-baseline-20250607_002723 - val_auc__MIN","e75-26-baseline-20250607_002723 - val_auc__MAX","e75-27-baseline-20250607_002722 - val_auc","e75-27-baseline-20250607_002722 - val_auc__MIN","e75-27-baseline-20250607_002722 - val_auc__MAX","e75-25-baseline-20250607_002321 - val_auc","e75-25-baseline-20250607_002321 - val_auc__MIN","e75-25-baseline-20250607_002321 - val_auc__MAX","e75-24-baseline-20250607_001720 - val_auc","e75-24-baseline-20250607_001720 - val_auc__MIN","e75-24-baseline-20250607_001720 - val_auc__MAX","e75-23-baseline-20250607_001020 - val_auc","e75-23-baseline-20250607_001020 - val_auc__MIN","e75-23-baseline-20250607_001020 - val_auc__MAX","e75-22-baseline-20250606_234659 - val_auc","e75-22-baseline-20250606_234659 - val_auc__MIN","e75-22-baseline-20250606_234659 - val_auc__MAX","e75-21-baseline-20250606_233443 - val_auc","e75-21-baseline-20250606_233443 - val_auc__MIN","e75-21-baseline-20250606_233443 - val_auc__MAX","e75-20-baseline-20250606_233246 - val_auc","e75-20-baseline-20250606_233246 - val_auc__MIN","e75-20-baseline-20250606_233246 - val_auc__MAX","e75-19-baseline-20250606_233237 - val_auc","e75-19-baseline-20250606_233237 - val_auc__MIN","e75-19-baseline-20250606_233237 - val_auc__MAX","e75-18-baseline-20250606_232845 - val_auc","e75-18-baseline-20250606_232845 - val_auc__MIN","e75-18-baseline-20250606_232845 - val_auc__MAX","e75-17-baseline-20250606_232448 - val_auc","e75-17-baseline-20250606_232448 - val_auc__MIN","e75-17-baseline-20250606_232448 - val_auc__MAX","e75-16-baseline-20250606_224845 - val_auc","e75-16-baseline-20250606_224845 - val_auc__MIN","e75-16-baseline-20250606_224845 - val_auc__MAX","e75-15-baseline-20250606_224255 - val_auc","e75-15-baseline-20250606_224255 - val_auc__MIN","e75-15-baseline-20250606_224255 - val_auc__MAX","e75-14-baseline-20250606_223806 - val_auc","e75-14-baseline-20250606_223806 - val_auc__MIN","e75-14-baseline-20250606_223806 - val_auc__MAX","e75-13-baseline-20250606_223602 - val_auc","e75-13-baseline-20250606_223602 - val_auc__MIN","e75-13-baseline-20250606_223602 - val_auc__MAX","e75-12-baseline-20250606_221958 - val_auc","e75-12-baseline-20250606_221958 - val_auc__MIN","e75-12-baseline-20250606_221958 - val_auc__MAX","e75-11-baseline-20250606_221957 - val_auc","e75-11-baseline-20250606_221957 - val_auc__MIN","e75-11-baseline-20250606_221957 - val_auc__MAX","e75-10-baseline-20250606_221227 - val_auc","e75-10-baseline-20250606_221227 - val_auc__MIN","e75-10-baseline-20250606_221227 - val_auc__MAX","e75-9-baseline-20250606_215321 - val_auc","e75-9-baseline-20250606_215321 - val_auc__MIN","e75-9-baseline-20250606_215321 - val_auc__MAX","e75-8-baseline-20250606_215120 - val_auc","e75-8-baseline-20250606_215120 - val_auc__MIN","e75-8-baseline-20250606_215120 - val_auc__MAX","e75-7-baseline-20250606_214320 - val_auc","e75-7-baseline-20250606_214320 - val_auc__MIN","e75-7-baseline-20250606_214320 - val_auc__MAX","e75-6-baseline-20250606_214145 - val_auc","e75-6-baseline-20250606_214145 - val_auc__MIN","e75-6-baseline-20250606_214145 - val_auc__MAX","e75-5-baseline-20250606_213341 - val_auc","e75-5-baseline-20250606_213341 - val_auc__MIN","e75-5-baseline-20250606_213341 - val_auc__MAX","e75-1-baseline-20250606_210919 - val_auc","e75-1-baseline-20250606_210919 - val_auc__MIN","e75-1-baseline-20250606_210919 - val_auc__MAX","e75-4-baseline-20250606_210919 - val_auc","e75-4-baseline-20250606_210919 - val_auc__MIN","e75-4-baseline-20250606_210919 - val_auc__MAX","e75-3-baseline-20250606_210919 - val_auc","e75-3-baseline-20250606_210919 - val_auc__MIN","e75-3-baseline-20250606_210919 - val_auc__MAX","e75-2-baseline-20250606_210919 - val_auc","e75-2-baseline-20250606_210919 - val_auc__MIN","e75-2-baseline-20250606_210919 - val_auc__MAX"
"0","0.6480543710021321","0.6480543710021321","0.6480543710021321","0.6769722814498933","0.6769722814498933","0.6769722814498933","0.6509861407249468","0.6509861407249468","0.6509861407249468","0.48467484008528783","0.48467484008528783","0.48467484008528783","0.5798240938166311","0.5798240938166311","0.5798240938166311","0.6571162046908317","0.6571162046908317","0.6571162046908317","0.5631663113006395","0.5631663113006395","0.5631663113006395","0.5811567164179104","0.5811567164179104","0.5811567164179104","0.6096748400852878","0.6096748400852878","0.6096748400852878","0.46855010660980817","0.46855010660980817","0.46855010660980817","0.5731609808102347","0.5731609808102347","0.5731609808102347","0.6528518123667377","0.6528518123667377","0.6528518123667377","0.6404584221748401","0.6404584221748401","0.6404584221748401","0.5263859275053305","0.5263859275053305","0.5263859275053305","0.597547974413646","0.597547974413646","0.597547974413646","0.6162046908315565","0.6162046908315565","0.6162046908315565","0.6055437100213219","0.6055437100213219","0.6055437100213219","0.6323294243070363","0.6323294243070363","0.6323294243070363","0.5507729211087421","0.5507729211087421","0.5507729211087421","0.6275319829424306","0.6275319829424306","0.6275319829424306","0.6813699360341151","0.6813699360341151","0.6813699360341151","0.7116204690831556","0.7116204690831556","0.7116204690831556","0.6044776119402986","0.6044776119402986","0.6044776119402986","0.6395255863539445","0.6395255863539445","0.6395255863539445","0.5924840085287847","0.5924840085287847","0.5924840085287847","0.5617004264392325","0.5617004264392325","0.5617004264392325","0.4633528784648188","0.4633528784648188","0.4633528784648188","0.49133795309168443","0.49133795309168443","0.49133795309168443","0.5103944562899787","0.5103944562899787","0.5103944562899787","0.6372601279317698","0.6372601279317698","0.6372601279317698"
"1","0.632929104477612","0.632929104477612","0.632929104477612","0.6421908315565032","0.6421908315565032","0.6421908315565032","0.7250799573560768","0.7250799573560768","0.7250799573560768","0.5141257995735607","0.5141257995735607","0.5141257995735607","0.6719083155650319","0.6719083155650319","0.6719083155650319","0.6653784648187634","0.6653784648187634","0.6653784648187634","0.6905650319829424","0.6905650319829424","0.6905650319829424","0.5827558635394456","0.5827558635394456","0.5827558635394456","0.6341950959488274","0.6341950959488274","0.6341950959488274","0.636860341151386","0.636860341151386","0.636860341151386","0.5471748400852879","0.5471748400852879","0.5471748400852879","0.5696961620469083","0.5696961620469083","0.5696961620469083","0.550772921108742","0.550772921108742","0.550772921108742","0.6918976545842218","0.6918976545842218","0.6918976545842218","0.6107409381663113","0.6107409381663113","0.6107409381663113","0.6351279317697228","0.6351279317697228","0.6351279317697228","0.7202825159914712","0.7202825159914712","0.7202825159914712","0.6703091684434966","0.6703091684434966","0.6703091684434966","0.6664445628997867","0.6664445628997867","0.6664445628997867","0.5089285714285714","0.5089285714285714","0.5089285714285714","0.6170042643923241","0.6170042643923241","0.6170042643923241","0.5415778251599147","0.5415778251599147","0.5415778251599147","0.758128997867804","0.758128997867804","0.758128997867804","0.5848880597014925","0.5848880597014925","0.5848880597014925","0.5395788912579957","0.5395788912579957","0.5395788912579957","0.6415245202558635","0.6415245202558635","0.6415245202558635","0.6569829424307037","0.6569829424307037","0.6569829424307037","0.5250533049040511","0.5250533049040511","0.5250533049040511","0.7357409381663114","0.7357409381663114","0.7357409381663114","0.585954157782516","0.585954157782516","0.585954157782516"
"2","0.7157515991471216","0.7157515991471216","0.7157515991471216","0.4505597014925373","0.4505597014925373","0.4505597014925373","0.7501332622601279","0.7501332622601279","0.7501332622601279","0.5602345415778252","0.5602345415778252","0.5602345415778252","0.6588486140724948","0.6588486140724948","0.6588486140724948","0.7473347547974414","0.7473347547974414","0.7473347547974414","0.5946162046908315","0.5946162046908315","0.5946162046908315","0.6419243070362474","0.6419243070362474","0.6419243070362474","0.6324626865671642","0.6324626865671642","0.6324626865671642","0.6307302771855011","0.6307302771855011","0.6307302771855011","0.6761727078891258","0.6761727078891258","0.6761727078891258","0.4857409381663113","0.4857409381663113","0.4857409381663113","0.5950159914712153","0.5950159914712153","0.5950159914712153","0.6831023454157783","0.6831023454157783","0.6831023454157783","0.7309434968017058","0.7309434968017058","0.7309434968017058","0.5825559701492538","0.5825559701492538","0.5825559701492538","0.6411247334754798","0.6411247334754798","0.6411247334754798","0.6728411513859275","0.6728411513859275","0.6728411513859275","0.6046108742004265","0.6046108742004265","0.6046108742004265","0.6719749466950959","0.6719749466950959","0.6719749466950959","0.6455223880597015","0.6455223880597015","0.6455223880597015","0.6875000000000001","0.6875000000000001","0.6875000000000001","0.5798240938166311","0.5798240938166311","0.5798240938166311","0.6675106609808102","0.6675106609808102","0.6675106609808102","0.4830756929637527","0.4830756929637527","0.4830756929637527","0.6757729211087421","0.6757729211087421","0.6757729211087421","0.6548507462686567","0.6548507462686567","0.6548507462686567","0.5464418976545842","0.5464418976545842","0.5464418976545842","0.4505597014925373","0.4505597014925373","0.4505597014925373","0.6452558635394458","0.6452558635394458","0.6452558635394458"
"3","0.755996801705757","0.755996801705757","0.755996801705757","0.7052238805970149","0.7052238805970149","0.7052238805970149","0.7184168443496802","0.7184168443496802","0.7184168443496802","0.4462953091684435","0.4462953091684435","0.4462953091684435","0.6116737739872067","0.6116737739872067","0.6116737739872067","0.6140724946695096","0.6140724946695096","0.6140724946695096","0.7509328358208954","0.7509328358208954","0.7509328358208954","0.715085287846482","0.715085287846482","0.715085287846482","0.6867004264392325","0.6867004264392325","0.6867004264392325","0.5702292110874201","0.5702292110874201","0.5702292110874201","0.6142057569296375","0.6142057569296375","0.6142057569296375","0.5603678038379531","0.5603678038379531","0.5603678038379531","0.5670309168443497","0.5670309168443497","0.5670309168443497","0.7316098081023454","0.7316098081023454","0.7316098081023454","0.6152718550106611","0.6152718550106611","0.6152718550106611","0.7169509594882729","0.7169509594882729","0.7169509594882729","0.5403784648187634","0.5403784648187634","0.5403784648187634","0.6592484008528784","0.6592484008528784","0.6592484008528784","0.6892324093816632","0.6892324093816632","0.6892324093816632","0.4736140724946695","0.4736140724946695","0.4736140724946695","0.7222814498933902","0.7222814498933902","0.7222814498933902","0.5916844349680171","0.5916844349680171","0.5916844349680171","0.6019456289978677","0.6019456289978677","0.6019456289978677","0.5450426439232409","0.5450426439232409","0.5450426439232409","0.7213486140724947","0.7213486140724947","0.7213486140724947","0.7248134328358208","0.7248134328358208","0.7248134328358208","0.6596481876332623","0.6596481876332623","0.6596481876332623","0.6928304904051172","0.6928304904051172","0.6928304904051172","0.7511993603411514","0.7511993603411514","0.7511993603411514","0.706956289978678","0.706956289978678","0.706956289978678"
"4","0.7967750533049041","0.7967750533049041","0.7967750533049041","0.6884328358208954","0.6884328358208954","0.6884328358208954","0.7385394456289979","0.7385394456289979","0.7385394456289979","0.6192697228144989","0.6192697228144989","0.6192697228144989","0.6164712153518124","0.6164712153518124","0.6164712153518124","0.5554371002132196","0.5554371002132196","0.5554371002132196","0.7477345415778252","0.7477345415778252","0.7477345415778252","0.7262793176972282","0.7262793176972282","0.7262793176972282","0.6053438166311301","0.6053438166311301","0.6053438166311301","0.5229211087420043","0.5229211087420043","0.5229211087420043","0.631130063965885","0.631130063965885","0.631130063965885","0.7101545842217484","0.7101545842217484","0.7101545842217484","0.6031449893390192","0.6031449893390192","0.6031449893390192","0.6616471215351812","0.6616471215351812","0.6616471215351812","0.6728411513859275","0.6728411513859275","0.6728411513859275","0.7072228144989339","0.7072228144989339","0.7072228144989339","0.7194829424307037","0.7194829424307037","0.7194829424307037","0.6788379530916845","0.6788379530916845","0.6788379530916845","0.6319296375266524","0.6319296375266524","0.6319296375266524","0.705090618336887","0.705090618336887","0.705090618336887","0.761860341151386","0.761860341151386","0.761860341151386","0.624866737739872","0.624866737739872","0.624866737739872","0.6917643923240938","0.6917643923240938","0.6917643923240938","0.7118869936034115","0.7118869936034115","0.7118869936034115","0.7112206823027719","0.7112206823027719","0.7112206823027719","0.7382729211087421","0.7382729211087421","0.7382729211087421","0.6428571428571428","0.6428571428571428","0.6428571428571428","0.45162579957356075","0.45162579957356075","0.45162579957356075","0.7802505330490406","0.7802505330490406","0.7802505330490406","0.7190831556503198","0.7190831556503198","0.7190831556503198"
"5","0.7097547974413646","0.7097547974413646","0.7097547974413646","0.6565831556503199","0.6565831556503199","0.6565831556503199","0.7077558635394456","0.7077558635394456","0.7077558635394456","0.5994136460554371","0.5994136460554371","0.5994136460554371","0.7759861407249466","0.7759861407249466","0.7759861407249466","0.7097547974413646","0.7097547974413646","0.7097547974413646","0.644589552238806","0.644589552238806","0.644589552238806","0.7093550106609807","0.7093550106609807","0.7093550106609807","0.6827025586353945","0.6827025586353945","0.6827025586353945","0.6361940298507462","0.6361940298507462","0.6361940298507462","0.6355277185501066","0.6355277185501066","0.6355277185501066","0.7100213219616205","0.7100213219616205","0.7100213219616205","0.6030117270788913","0.6030117270788913","0.6030117270788913","0.7130863539445629","0.7130863539445629","0.7130863539445629","0.6917643923240938","0.6917643923240938","0.6917643923240938","0.7196162046908315","0.7196162046908315","0.7196162046908315","0.6693763326226013","0.6693763326226013","0.6693763326226013","0.7252798507462687","0.7252798507462687","0.7252798507462687","0.6885660980810234","0.6885660980810234","0.6885660980810234","0.5699626865671641","0.5699626865671641","0.5699626865671641","0.6789712153518124","0.6789712153518124","0.6789712153518124","0.628731343283582","0.628731343283582","0.628731343283582","0.7086886993603412","0.7086886993603412","0.7086886993603412","0.6224680170575693","0.6224680170575693","0.6224680170575693","0.7261460554371003","0.7261460554371003","0.7261460554371003","0.6747734541577826","0.6747734541577826","0.6747734541577826","0.4938699360341151","0.4938699360341151","0.4938699360341151","0.7221481876332623","0.7221481876332623","0.7221481876332623","0.730543710021322","0.730543710021322","0.730543710021322","0.7398720682302772","0.7398720682302772","0.7398720682302772"
"6","0.7551972281449892","0.7551972281449892","0.7551972281449892","0.7055570362473348","0.7055570362473348","0.7055570362473348","0.7563299573560767","0.7563299573560767","0.7563299573560767","0.6825692963752665","0.6825692963752665","0.6825692963752665","0.7453358208955223","0.7453358208955223","0.7453358208955223","0.6835021321961621","0.6835021321961621","0.6835021321961621","0.6759728144989339","0.6759728144989339","0.6759728144989339","0.7238805970149254","0.7238805970149254","0.7238805970149254","0.4163113006396588","0.4163113006396588","0.4163113006396588","0.5826226012793176","0.5826226012793176","0.5826226012793176","0.6491204690831556","0.6491204690831556","0.6491204690831556","0.752132196162047","0.752132196162047","0.752132196162047","0.6026119402985074","0.6026119402985074","0.6026119402985074","0.7358742004264393","0.7358742004264393","0.7358742004264393","0.7289445628997868","0.7289445628997868","0.7289445628997868","0.7498001066098081","0.7498001066098081","0.7498001066098081","0.5219882729211087","0.5219882729211087","0.5219882729211087","0.7472014925373135","0.7472014925373135","0.7472014925373135","0.7378065031982942","0.7378065031982942","0.7378065031982942","0.7158848614072495","0.7158848614072495","0.7158848614072495","0.7333422174840085","0.7333422174840085","0.7333422174840085","0.4017857142857143","0.4017857142857143","0.4017857142857143","0.7641257995735609","0.7641257995735609","0.7641257995735609","0.5714285714285714","0.5714285714285714","0.5714285714285714","0.7365405117270789","0.7365405117270789","0.7365405117270789","0.7273454157782517","0.7273454157782517","0.7273454157782517","0.7101545842217485","0.7101545842217485","0.7101545842217485","0.748067697228145","0.748067697228145","0.748067697228145","0.8155650319829424","0.8155650319829424","0.8155650319829424","0.7993070362473348","0.7993070362473348","0.7993070362473348"
"7","0.7308768656716418","0.7308768656716418","0.7308768656716418","0.7329424307036249","0.7329424307036249","0.7329424307036249","0.7121535181236673","0.7121535181236673","0.7121535181236673","0.6662446695095948","0.6662446695095948","0.6662446695095948","0.7429371002132196","0.7429371002132196","0.7429371002132196","0.6860341151385928","0.6860341151385928","0.6860341151385928","0.75","0.75","0.75","0.7798507462686568","0.7798507462686568","0.7798507462686568","0.7257462686567164","0.7257462686567164","0.7257462686567164","0.6648454157782516","0.6648454157782516","0.6648454157782516","0.543043710021322","0.543043710021322","0.543043710021322","0.7783848614072494","0.7783848614072494","0.7783848614072494","0.554704157782516","0.554704157782516","0.554704157782516","0.5660980810234542","0.5660980810234542","0.5660980810234542","0.6970948827292112","0.6970948827292112","0.6970948827292112","0.6356609808102345","0.6356609808102345","0.6356609808102345","0.6431236673773987","0.6431236673773987","0.6431236673773987","0.5167910447761194","0.5167910447761194","0.5167910447761194","0.6435234541577826","0.6435234541577826","0.6435234541577826","0.6296641791044776","0.6296641791044776","0.6296641791044776","0.545042643923241","0.545042643923241","0.545042643923241","0.7706556503198293","0.7706556503198293","0.7706556503198293","0.7433368869936035","0.7433368869936035","0.7433368869936035","0.7079557569296374","0.7079557569296374","0.7079557569296374","0.7084221748400853","0.7084221748400853","0.7084221748400853","0.7422707889125799","0.7422707889125799","0.7422707889125799","0.6864339019189766","0.6864339019189766","0.6864339019189766","0.6930303837953091","0.6930303837953091","0.6930303837953091","0.7875799573560768","0.7875799573560768","0.7875799573560768","0.8070362473347548","0.8070362473347548","0.8070362473347548"
"8","0.7490005330490405","0.7490005330490405","0.7490005330490405","0.7485341151385928","0.7485341151385928","0.7485341151385928","0.6477878464818764","0.6477878464818764","0.6477878464818764","0.7416044776119403","0.7416044776119403","0.7416044776119403","0.7368070362473348","0.7368070362473348","0.7368070362473348","0.74613539445629","0.74613539445629","0.74613539445629","0.7939765458422176","0.7939765458422176","0.7939765458422176","0.812366737739872","0.812366737739872","0.812366737739872","0.5804904051172709","0.5804904051172709","0.5804904051172709","0.6893656716417911","0.6893656716417911","0.6893656716417911","0.693430170575693","0.693430170575693","0.693430170575693","0.7934434968017058","0.7934434968017058","0.7934434968017058","0.6287313432835822","0.6287313432835822","0.6287313432835822","0.7098880597014925","0.7098880597014925","0.7098880597014925","0.7036247334754799","0.7036247334754799","0.7036247334754799","0.5999466950959489","0.5999466950959489","0.5999466950959489","0.7645922174840085","0.7645922174840085","0.7645922174840085","0.539045842217484","0.539045842217484","0.539045842217484","0.7370735607675907","0.7370735607675907","0.7370735607675907","0.5806236673773988","0.5806236673773988","0.5806236673773988","0.579957356076759","0.579957356076759","0.579957356076759","0.7875799573560768","0.7875799573560768","0.7875799573560768","0.7448027718550106","0.7448027718550106","0.7448027718550106","0.7801172707889127","0.7801172707889127","0.7801172707889127","0.7833155650319829","0.7833155650319829","0.7833155650319829","0.7125533049040512","0.7125533049040512","0.7125533049040512","0.750066631130064","0.750066631130064","0.750066631130064","0.6300639658848614","0.6300639658848614","0.6300639658848614","0.6664445628997867","0.6664445628997867","0.6664445628997867","0.7699893390191898","0.7699893390191898","0.7699893390191898"
"9","0.7102878464818764","0.7102878464818764","0.7102878464818764","0.7268123667377399","0.7268123667377399","0.7268123667377399","0.49187100213219614","0.49187100213219614","0.49187100213219614","0.7549307036247335","0.7549307036247335","0.7549307036247335","0.693496801705757","0.693496801705757","0.693496801705757","0.7758528784648187","0.7758528784648187","0.7758528784648187","0.5716950959488273","0.5716950959488273","0.5716950959488273","0.785047974413646","0.785047974413646","0.785047974413646","0.5537046908315565","0.5537046908315565","0.5537046908315565","0.6195362473347548","0.6195362473347548","0.6195362473347548","0.6847014925373135","0.6847014925373135","0.6847014925373135","0.7089552238805971","0.7089552238805971","0.7089552238805971","0.5202558635394456","0.5202558635394456","0.5202558635394456","0.6287313432835822","0.6287313432835822","0.6287313432835822","0.7737206823027718","0.7737206823027718","0.7737206823027718","0.6302638592750532","0.6302638592750532","0.6302638592750532","0.7277452025586354","0.7277452025586354","0.7277452025586354","0.6893656716417911","0.6893656716417911","0.6893656716417911","0.6083422174840086","0.6083422174840086","0.6083422174840086","0.6034115138592749","0.6034115138592749","0.6034115138592749","0.6873667377398721","0.6873667377398721","0.6873667377398721","0.820362473347548","0.820362473347548","0.820362473347548","0.6851012793176973","0.6851012793176973","0.6851012793176973","0.7434701492537313","0.7434701492537313","0.7434701492537313","0.767723880597015","0.767723880597015","0.767723880597015","0.7470682302771854","0.7470682302771854","0.7470682302771854","0.6341284648187634","0.6341284648187634","0.6341284648187634","0.7287446695095949","0.7287446695095949","0.7287446695095949","0.7461353944562901","0.7461353944562901","0.7461353944562901","0.7372068230277186","0.7372068230277186","0.7372068230277186"
"10","0.6479211087420043","0.6479211087420043","0.6479211087420043","0.7196162046908315","0.7196162046908315","0.7196162046908315","0.6880330490405118","0.6880330490405118","0.6880330490405118","0.7495335820895522","0.7495335820895522","0.7495335820895522","0.7301439232409381","0.7301439232409381","0.7301439232409381","0.36713752665245203","0.36713752665245203","0.36713752665245203","0.7773187633262262","0.7773187633262262","0.7773187633262262","0.8058368869936033","0.8058368869936033","0.8058368869936033","0.5732942430703626","0.5732942430703626","0.5732942430703626","0.5567030916844349","0.5567030916844349","0.5567030916844349","0.6044776119402986","0.6044776119402986","0.6044776119402986","0.6567164179104479","0.6567164179104479","0.6567164179104479","0.5","0.5","0.5","0.8095682302771855","0.8095682302771855","0.8095682302771855","0.36247334754797433","0.36247334754797433","0.36247334754797433","0.7899786780383795","0.7899786780383795","0.7899786780383795","0.4367004264392324","0.4367004264392324","0.4367004264392324","0.7458688699360342","0.7458688699360342","0.7458688699360342","0.6356609808102346","0.6356609808102346","0.6356609808102346","0.6450559701492538","0.6450559701492538","0.6450559701492538","0.7276119402985074","0.7276119402985074","0.7276119402985074","0.8426172707889125","0.8426172707889125","0.8426172707889125","0.7361407249466951","0.7361407249466951","0.7361407249466951","0.6368603411513859","0.6368603411513859","0.6368603411513859","0.7726545842217484","0.7726545842217484","0.7726545842217484","0.7799840085287847","0.7799840085287847","0.7799840085287847","0.6140058635394456","0.6140058635394456","0.6140058635394456","0.783049040511727","0.783049040511727","0.783049040511727","0.8162313432835822","0.8162313432835822","0.8162313432835822","0.6323294243070361","0.6323294243070361","0.6323294243070361"
"11","0.7314765458422176","0.7314765458422176","0.7314765458422176","0.7795842217484008","0.7795842217484008","0.7795842217484008","0.7563965884861408","0.7563965884861408","0.7563965884861408","0.7714552238805971","0.7714552238805971","0.7714552238805971","0.5759594882729211","0.5759594882729211","0.5759594882729211","0.6042110874200427","0.6042110874200427","0.6042110874200427","0.7931769722814499","0.7931769722814499","0.7931769722814499","0.7973081023454158","0.7973081023454158","0.7973081023454158","0.5848880597014926","0.5848880597014926","0.5848880597014926","0.6617803837953091","0.6617803837953091","0.6617803837953091","0.6067430703624733","0.6067430703624733","0.6067430703624733","0.6340618336886994","0.6340618336886994","0.6340618336886994","0.6800373134328359","0.6800373134328359","0.6800373134328359","0.4896055437100213","0.4896055437100213","0.4896055437100213","0.7062899786780383","0.7062899786780383","0.7062899786780383","0.802905117270789","0.802905117270789","0.802905117270789","0.7253464818763325","0.7253464818763325","0.7253464818763325","0.6848347547974414","0.6848347547974414","0.6848347547974414","0.7181503198294243","0.7181503198294243","0.7181503198294243","0.7336087420042643","0.7336087420042643","0.7336087420042643","0.7246801705756929","0.7246801705756929","0.7246801705756929","0.8117004264392323","0.8117004264392323","0.8117004264392323","0.7889125799573561","0.7889125799573561","0.7889125799573561","0.7266791044776119","0.7266791044776119","0.7266791044776119","0.7054904051172708","0.7054904051172708","0.7054904051172708","0.7630597014925373","0.7630597014925373","0.7630597014925373","0.7225479744136462","0.7225479744136462","0.7225479744136462","0.5926172707889126","0.5926172707889126","0.5926172707889126","0.8006396588486141","0.8006396588486141","0.8006396588486141","0.7730543710021323","0.7730543710021323","0.7730543710021323"
"12","0.7474680170575693","0.7474680170575693","0.7474680170575693","0.7385394456289979","0.7385394456289979","0.7385394456289979","0.7770522388059702","0.7770522388059702","0.7770522388059702","0.7324093816631129","0.7324093816631129","0.7324093816631129","0.5775586353944563","0.5775586353944563","0.5775586353944563","0.49906716417910446","0.49906716417910446","0.49906716417910446","0.8110341151385927","0.8110341151385927","0.8110341151385927","0.8190298507462688","0.8190298507462688","0.8190298507462688","","","","0.6878997867803838","0.6878997867803838","0.6878997867803838","0.7141524520255864","0.7141524520255864","0.7141524520255864","0.7742537313432837","0.7742537313432837","0.7742537313432837","0.6906982942430704","0.6906982942430704","0.6906982942430704","0.7340085287846483","0.7340085287846483","0.7340085287846483","0.7727212153518125","0.7727212153518125","0.7727212153518125","0.6653784648187633","0.6653784648187633","0.6653784648187633","0.6572494669509595","0.6572494669509595","0.6572494669509595","0.7982409381663113","0.7982409381663113","0.7982409381663113","0.693230277185501","0.693230277185501","0.693230277185501","0.64818763326226","0.64818763326226","0.64818763326226","0.7221481876332623","0.7221481876332623","0.7221481876332623","0.8119669509594883","0.8119669509594883","0.8119669509594883","0.630996801705757","0.630996801705757","0.630996801705757","0.5447761194029851","0.5447761194029851","0.5447761194029851","0.7957089552238806","0.7957089552238806","0.7957089552238806","0.822228144989339","0.822228144989339","0.822228144989339","0.8062366737739872","0.8062366737739872","0.8062366737739872","0.5275852878464818","0.5275852878464818","0.5275852878464818","0.7677238805970149","0.7677238805970149","0.7677238805970149","0.7750533049040512","0.7750533049040512","0.7750533049040512"
"13","0.7647921108742004","0.7647921108742004","0.7647921108742004","0.8081023454157782","0.8081023454157782","0.8081023454157782","0.7898454157782515","0.7898454157782515","0.7898454157782515","0.7679904051172708","0.7679904051172708","0.7679904051172708","0.45962153518123666","0.45962153518123666","0.45962153518123666","0.7032249466950959","0.7032249466950959","0.7032249466950959","0.8123667377398721","0.8123667377398721","0.8123667377398721","0.8081023454157782","0.8081023454157782","0.8081023454157782","","","","0.6256663113006395","0.6256663113006395","0.6256663113006395","0.699227078891258","0.699227078891258","0.699227078891258","0.7555970149253731","0.7555970149253731","0.7555970149253731","0.5089285714285714","0.5089285714285714","0.5089285714285714","0.7830490405117271","0.7830490405117271","0.7830490405117271","0.7583955223880597","0.7583955223880597","0.7583955223880597","0.5795575692963753","0.5795575692963753","0.5795575692963753","0.6809701492537313","0.6809701492537313","0.6809701492537313","0.7701226012793176","0.7701226012793176","0.7701226012793176","0.76159381663113","0.76159381663113","0.76159381663113","0.6697761194029851","0.6697761194029851","0.6697761194029851","0.7385394456289979","0.7385394456289979","0.7385394456289979","0.8097014925373135","0.8097014925373135","0.8097014925373135","0.8227611940298508","0.8227611940298508","0.8227611940298508","0.7368736673773987","0.7368736673773987","0.7368736673773987","0.7531982942430703","0.7531982942430703","0.7531982942430703","0.8147654584221748","0.8147654584221748","0.8147654584221748","0.7180170575692963","0.7180170575692963","0.7180170575692963","0.8030383795309168","0.8030383795309168","0.8030383795309168","0.6427238805970149","0.6427238805970149","0.6427238805970149","0.7919776119402986","0.7919776119402986","0.7919776119402986"
"14","0.7747867803837953","0.7747867803837953","0.7747867803837953","0.8494136460554372","0.8494136460554372","0.8494136460554372","0.7659914712153518","0.7659914712153518","0.7659914712153518","0.7221481876332623","0.7221481876332623","0.7221481876332623","0.6332622601279319","0.6332622601279319","0.6332622601279319","0.765724946695096","0.765724946695096","0.765724946695096","0.8487473347547975","0.8487473347547975","0.8487473347547975","0.8151652452025586","0.8151652452025586","0.8151652452025586","","","","0.7084221748400853","0.7084221748400853","0.7084221748400853","0.8166311300639658","0.8166311300639658","0.8166311300639658","0.6945628997867803","0.6945628997867803","0.6945628997867803","0.6849680170575694","0.6849680170575694","0.6849680170575694","0.7460021321961621","0.7460021321961621","0.7460021321961621","0.7799840085287847","0.7799840085287847","0.7799840085287847","0.752198827292111","0.752198827292111","0.752198827292111","0.7866471215351812","0.7866471215351812","0.7866471215351812","0.7533315565031983","0.7533315565031983","0.7533315565031983","0.7514658848614073","0.7514658848614073","0.7514658848614073","0.4557569296375266","0.4557569296375266","0.4557569296375266","0.607409381663113","0.607409381663113","0.607409381663113","0.8231609808102346","0.8231609808102346","0.8231609808102346","0.8290245202558636","0.8290245202558636","0.8290245202558636","0.7380730277185501","0.7380730277185501","0.7380730277185501","0.8063699360341152","0.8063699360341152","0.8063699360341152","0.7699893390191898","0.7699893390191898","0.7699893390191898","0.5321162046908317","0.5321162046908317","0.5321162046908317","0.7927771855010661","0.7927771855010661","0.7927771855010661","0.6408582089552239","0.6408582089552239","0.6408582089552239","0.8117004264392323","0.8117004264392323","0.8117004264392323"
"15","0.7571961620469083","0.7571961620469083","0.7571961620469083","0.8199626865671642","0.8199626865671642","0.8199626865671642","0.8101012793176973","0.8101012793176973","0.8101012793176973","0.7735874200426439","0.7735874200426439","0.7735874200426439","0.7623933901918977","0.7623933901918977","0.7623933901918977","0.7539312366737739","0.7539312366737739","0.7539312366737739","0.8228944562899786","0.8228944562899786","0.8228944562899786","0.7982409381663114","0.7982409381663114","0.7982409381663114","","","","0.6829690831556503","0.6829690831556503","0.6829690831556503","0.722414712153518","0.722414712153518","0.722414712153518","0.7505330490405118","0.7505330490405118","0.7505330490405118","0.7603944562899787","0.7603944562899787","0.7603944562899787","0.593949893390192","0.593949893390192","0.593949893390192","0.775319829424307","0.775319829424307","0.775319829424307","0.6844349680170575","0.6844349680170575","0.6844349680170575","0.7078891257995736","0.7078891257995736","0.7078891257995736","0.7428038379530916","0.7428038379530916","0.7428038379530916","0.7754530916844349","0.7754530916844349","0.7754530916844349","0.7619936034115139","0.7619936034115139","0.7619936034115139","0.6628464818763327","0.6628464818763327","0.6628464818763327","0.8463486140724945","0.8463486140724945","0.8463486140724945","0.7546641791044777","0.7546641791044777","0.7546641791044777","0.7767857142857143","0.7767857142857143","0.7767857142857143","0.7839818763326226","0.7839818763326226","0.7839818763326226","0.8240938166311301","0.8240938166311301","0.8240938166311301","0.767457356076759","0.767457356076759","0.767457356076759","0.7367404051172708","0.7367404051172708","0.7367404051172708","0.8214285714285715","0.8214285714285715","0.8214285714285715","0.8073027718550106","0.8073027718550106","0.8073027718550106"
"16","0.7350746268656716","0.7350746268656716","0.7350746268656716","0.8011727078891258","0.8011727078891258","0.8011727078891258","0.7963752665245202","0.7963752665245202","0.7963752665245202","0.6919642857142857","0.6919642857142857","0.6919642857142857","0.7598614072494669","0.7598614072494669","0.7598614072494669","0.7142857142857143","0.7142857142857143","0.7142857142857143","0.835820895522388","0.835820895522388","0.835820895522388","0.7923773987206822","0.7923773987206822","0.7923773987206822","","","","0.7112206823027718","0.7112206823027718","0.7112206823027718","0.7777185501066098","0.7777185501066098","0.7777185501066098","0.798907249466951","0.798907249466951","0.798907249466951","0.6916977611940298","0.6916977611940298","0.6916977611940298","0.8178304904051172","0.8178304904051172","0.8178304904051172","0.7566631130063967","0.7566631130063967","0.7566631130063967","0.7334754797441364","0.7334754797441364","0.7334754797441364","0.8247601279317699","0.8247601279317699","0.8247601279317699","0.7865138592750532","0.7865138592750532","0.7865138592750532","0.6416577825159915","0.6416577825159915","0.6416577825159915","0.6184701492537313","0.6184701492537313","0.6184701492537313","0.8077025586353945","0.8077025586353945","0.8077025586353945","0.8282249466950959","0.8282249466950959","0.8282249466950959","0.8110341151385927","0.8110341151385927","0.8110341151385927","0.7693230277185502","0.7693230277185502","0.7693230277185502","0.8093017057569295","0.8093017057569295","0.8093017057569295","0.8376865671641791","0.8376865671641791","0.8376865671641791","0.8364872068230277","0.8364872068230277","0.8364872068230277","0.7525319829424307","0.7525319829424307","0.7525319829424307","0.8026385927505332","0.8026385927505332","0.8026385927505332","0.8050373134328357","0.8050373134328357","0.8050373134328357"
"17","0.728544776119403","0.728544776119403","0.728544776119403","0.8110341151385928","0.8110341151385928","0.8110341151385928","0.7858475479744136","0.7858475479744136","0.7858475479744136","0.755863539445629","0.755863539445629","0.755863539445629","0.7641257995735609","0.7641257995735609","0.7641257995735609","0.7910447761194029","0.7910447761194029","0.7910447761194029","0.8332889125799574","0.8332889125799574","0.8332889125799574","0.8095682302771855","0.8095682302771855","0.8095682302771855","","","","0.6407249466950959","0.6407249466950959","0.6407249466950959","0.7927771855010661","0.7927771855010661","0.7927771855010661","0.7774520255863538","0.7774520255863538","0.7774520255863538","0.8157649253731344","0.8157649253731344","0.8157649253731344","0.42723880597014924","0.42723880597014924","0.42723880597014924","0.794909381663113","0.794909381663113","0.794909381663113","0.7525319829424307","0.7525319829424307","0.7525319829424307","0.7741204690831557","0.7741204690831557","0.7741204690831557","0.7410714285714286","0.7410714285714286","0.7410714285714286","0.7899786780383795","0.7899786780383795","0.7899786780383795","0.6276652452025586","0.6276652452025586","0.6276652452025586","0.6957622601279317","0.6957622601279317","0.6957622601279317","0.8236940298507462","0.8236940298507462","0.8236940298507462","0.832089552238806","0.832089552238806","0.832089552238806","0.730610341151386","0.730610341151386","0.730610341151386","0.8224946695095949","0.8224946695095949","0.8224946695095949","0.7998400852878464","0.7998400852878464","0.7998400852878464","0.8110341151385927","0.8110341151385927","0.8110341151385927","0.7360074626865671","0.7360074626865671","0.7360074626865671","0.849813432835821","0.849813432835821","0.849813432835821","0.8118336886993603","0.8118336886993603","0.8118336886993603"
"18","0.8015724946695096","0.8015724946695096","0.8015724946695096","0.7849147121535183","0.7849147121535183","0.7849147121535183","0.6190031982942431","0.6190031982942431","0.6190031982942431","0.7382729211087421","0.7382729211087421","0.7382729211087421","0.7727878464818764","0.7727878464818764","0.7727878464818764","0.7957089552238805","0.7957089552238805","0.7957089552238805","0.7437366737739871","0.7437366737739871","0.7437366737739871","0.818496801705757","0.818496801705757","0.818496801705757","","","","0.7121535181236673","0.7121535181236673","0.7121535181236673","0.82409381663113","0.82409381663113","0.82409381663113","0.8030383795309167","0.8030383795309167","0.8030383795309167","0.7893123667377399","0.7893123667377399","0.7893123667377399","0.8315565031982943","0.8315565031982943","0.8315565031982943","0.8479477611940299","0.8479477611940299","0.8479477611940299","0.7805170575692963","0.7805170575692963","0.7805170575692963","0.8122334754797442","0.8122334754797442","0.8122334754797442","0.8097014925373135","0.8097014925373135","0.8097014925373135","0.7525319829424307","0.7525319829424307","0.7525319829424307","0.7678571428571428","0.7678571428571428","0.7678571428571428","0.8090351812366737","0.8090351812366737","0.8090351812366737","0.8142324093816631","0.8142324093816631","0.8142324093816631","0.7767857142857143","0.7767857142857143","0.7767857142857143","0.8023054371002133","0.8023054371002133","0.8023054371002133","0.8251599147121534","0.8251599147121534","0.8251599147121534","0.8091684434968018","0.8091684434968018","0.8091684434968018","0.7611940298507462","0.7611940298507462","0.7611940298507462","0.8039712153518124","0.8039712153518124","0.8039712153518124","0.8232942430703625","0.8232942430703625","0.8232942430703625","0.8099680170575694","0.8099680170575694","0.8099680170575694"
"19","0.8230277185501067","0.8230277185501067","0.8230277185501067","0.82409381663113","0.82409381663113","0.82409381663113","0.7957089552238807","0.7957089552238807","0.7957089552238807","0.7204157782515992","0.7204157782515992","0.7204157782515992","0.7342750533049041","0.7342750533049041","0.7342750533049041","0.798773987206823","0.798773987206823","0.798773987206823","0.8382196162046909","0.8382196162046909","0.8382196162046909","0.8041044776119403","0.8041044776119403","0.8041044776119403","","","","0.679637526652452","0.679637526652452","0.679637526652452","0.7575959488272922","0.7575959488272922","0.7575959488272922","0.8403518123667377","0.8403518123667377","0.8403518123667377","0.6688432835820896","0.6688432835820896","0.6688432835820896","0.8231609808102347","0.8231609808102347","0.8231609808102347","0.8369536247334755","0.8369536247334755","0.8369536247334755","0.78511460554371","0.78511460554371","0.78511460554371","0.8050373134328358","0.8050373134328358","0.8050373134328358","0.8215618336886993","0.8215618336886993","0.8215618336886993","0.7565298507462687","0.7565298507462687","0.7565298507462687","0.7677905117270789","0.7677905117270789","0.7677905117270789","0.8308901918976546","0.8308901918976546","0.8308901918976546","0.818496801705757","0.818496801705757","0.818496801705757","0.8380863539445629","0.8380863539445629","0.8380863539445629","0.7529317697228144","0.7529317697228144","0.7529317697228144","0.8082356076759062","0.8082356076759062","0.8082356076759062","0.8154317697228144","0.8154317697228144","0.8154317697228144","0.8154317697228145","0.8154317697228145","0.8154317697228145","0.7821162046908315","0.7821162046908315","0.7821162046908315","0.8287579957356076","0.8287579957356076","0.8287579957356076","0.8123667377398721","0.8123667377398721","0.8123667377398721"
"20","0.8117004264392325","0.8117004264392325","0.8117004264392325","0.810367803837953","0.810367803837953","0.810367803837953","0.7506663113006397","0.7506663113006397","0.7506663113006397","0.7017590618336886","0.7017590618336886","0.7017590618336886","0.767457356076759","0.767457356076759","0.767457356076759","0.8102345415778252","0.8102345415778252","0.8102345415778252","0.8368869936034116","0.8368869936034116","0.8368869936034116","0.7963752665245203","0.7963752665245203","0.7963752665245203","","","","0.7879797441364605","0.7879797441364605","0.7879797441364605","0.8190298507462687","0.8190298507462687","0.8190298507462687","0.8152985074626865","0.8152985074626865","0.8152985074626865","0.8276252665245203","0.8276252665245203","0.8276252665245203","0.8047707889125799","0.8047707889125799","0.8047707889125799","0.746268656716418","0.746268656716418","0.746268656716418","0.7996401918976546","0.7996401918976546","0.7996401918976546","0.8395522388059702","0.8395522388059702","0.8395522388059702","0.7485341151385928","0.7485341151385928","0.7485341151385928","0.7372734541577824","0.7372734541577824","0.7372734541577824","0.7125533049040512","0.7125533049040512","0.7125533049040512","0.6178038379530916","0.6178038379530916","0.6178038379530916","0.8246934968017058","0.8246934968017058","0.8246934968017058","0.82022921108742","0.82022921108742","0.82022921108742","0.7631929637526653","0.7631929637526653","0.7631929637526653","0.8070362473347548","0.8070362473347548","0.8070362473347548","0.8227611940298507","0.8227611940298507","0.8227611940298507","0.828091684434968","0.828091684434968","0.828091684434968","0.7859808102345416","0.7859808102345416","0.7859808102345416","0.8400852878464818","0.8400852878464818","0.8400852878464818","0.8355543710021321","0.8355543710021321","0.8355543710021321"
"21","0.820362473347548","0.820362473347548","0.820362473347548","0.845815565031983","0.845815565031983","0.845815565031983","0.7755863539445629","0.7755863539445629","0.7755863539445629","0.7213486140724947","0.7213486140724947","0.7213486140724947","0.8275586353944562","0.8275586353944562","0.8275586353944562","0.8214285714285714","0.8214285714285714","0.8214285714285714","0.808502132196162","0.808502132196162","0.808502132196162","0.8074360341151388","0.8074360341151388","0.8074360341151388","","","","0.769456289978678","0.769456289978678","0.769456289978678","0.8344882729211087","0.8344882729211087","0.8344882729211087","0.8305570362473348","0.8305570362473348","0.8305570362473348","0.7683901918976547","0.7683901918976547","0.7683901918976547","0.7901119402985075","0.7901119402985075","0.7901119402985075","0.8307569296375267","0.8307569296375267","0.8307569296375267","0.7973081023454159","0.7973081023454159","0.7973081023454159","0.7734541577825159","0.7734541577825159","0.7734541577825159","0.814365671641791","0.814365671641791","0.814365671641791","0.7232809168443497","0.7232809168443497","0.7232809168443497","0.7995735607675907","0.7995735607675907","0.7995735607675907","0.8146321961620469","0.8146321961620469","0.8146321961620469","0.8052372068230277","0.8052372068230277","0.8052372068230277","0.8276918976545843","0.8276918976545843","0.8276918976545843","0.7428704690831557","0.7428704690831557","0.7428704690831557","0.8522121535181236","0.8522121535181236","0.8522121535181236","0.8187633262260128","0.8187633262260128","0.8187633262260128","0.8089019189765458","0.8089019189765458","0.8089019189765458","0.8004397654584221","0.8004397654584221","0.8004397654584221","0.8366204690831557","0.8366204690831557","0.8366204690831557","0.8360874200426439","0.8360874200426439","0.8360874200426439"
"22","0.7994402985074628","0.7994402985074628","0.7994402985074628","0.834221748400853","0.834221748400853","0.834221748400853","0.7963752665245202","0.7963752665245202","0.7963752665245202","0.7332755863539446","0.7332755863539446","0.7332755863539446","0.8166311300639658","0.8166311300639658","0.8166311300639658","0.8035714285714286","0.8035714285714286","0.8035714285714286","0.8432835820895522","0.8432835820895522","0.8432835820895522","0.8010394456289979","0.8010394456289979","0.8010394456289979","","","","0.6623134328358209","0.6623134328358209","0.6623134328358209","0.8061034115138593","0.8061034115138593","0.8061034115138593","0.8340884861407251","0.8340884861407251","0.8340884861407251","0.7839818763326225","0.7839818763326225","0.7839818763326225","0.8081023454157782","0.8081023454157782","0.8081023454157782","0.8622068230277186","0.8622068230277186","0.8622068230277186","0.7828491471215352","0.7828491471215352","0.7828491471215352","0.8346215351812366","0.8346215351812366","0.8346215351812366","0.8180303837953091","0.8180303837953091","0.8180303837953091","0.7938432835820896","0.7938432835820896","0.7938432835820896","0.6831023454157783","0.6831023454157783","0.6831023454157783","0.804637526652452","0.804637526652452","0.804637526652452","0.8316897654584221","0.8316897654584221","0.8316897654584221","0.7566631130063965","0.7566631130063965","0.7566631130063965","0.80090618336887","0.80090618336887","0.80090618336887","0.7974413646055438","0.7974413646055438","0.7974413646055438","0.8215618336886994","0.8215618336886994","0.8215618336886994","0.8374200426439232","0.8374200426439232","0.8374200426439232","0.8148320895522388","0.8148320895522388","0.8148320895522388","0.8407515991471216","0.8407515991471216","0.8407515991471216","0.830090618336887","0.830090618336887","0.830090618336887"
"23","0.8270255863539445","0.8270255863539445","0.8270255863539445","0.849546908315565","0.849546908315565","0.849546908315565","0.810634328358209","0.810634328358209","0.810634328358209","0.7644589552238805","0.7644589552238805","0.7644589552238805","0.8215618336886993","0.8215618336886993","0.8215618336886993","0.8228944562899787","0.8228944562899787","0.8228944562899787","0.7993070362473347","0.7993070362473347","0.7993070362473347","0.8026385927505332","0.8026385927505332","0.8026385927505332","","","","0.7851812366737739","0.7851812366737739","0.7851812366737739","0.8403518123667377","0.8403518123667377","0.8403518123667377","0.7890458422174841","0.7890458422174841","0.7890458422174841","0.7798507462686567","0.7798507462686567","0.7798507462686567","0.8017057569296375","0.8017057569296375","0.8017057569296375","0.8371535181236675","0.8371535181236675","0.8371535181236675","0.7882462686567164","0.7882462686567164","0.7882462686567164","0.8109008528784648","0.8109008528784648","0.8109008528784648","0.8234941364605544","0.8234941364605544","0.8234941364605544","0.8115671641791045","0.8115671641791045","0.8115671641791045","0.8059701492537313","0.8059701492537313","0.8059701492537313","0.7938432835820896","0.7938432835820896","0.7938432835820896","0.8119669509594883","0.8119669509594883","0.8119669509594883","0.8419509594882729","0.8419509594882729","0.8419509594882729","0.615405117270789","0.615405117270789","0.615405117270789","0.8135660980810235","0.8135660980810235","0.8135660980810235","0.8287579957356076","0.8287579957356076","0.8287579957356076","0.8186300639658849","0.8186300639658849","0.8186300639658849","0.7959754797441364","0.7959754797441364","0.7959754797441364","0.7925106609808102","0.7925106609808102","0.7925106609808102","0.8323560767590619","0.8323560767590619","0.8323560767590619"
"24","0.8160980810234542","0.8160980810234542","0.8160980810234542","0.8578091684434969","0.8578091684434969","0.8578091684434969","0.8302238805970149","0.8302238805970149","0.8302238805970149","0.7719216417910448","0.7719216417910448","0.7719216417910448","0.8324893390191899","0.8324893390191899","0.8324893390191899","0.8178304904051173","0.8178304904051173","0.8178304904051173","0.8484808102345416","0.8484808102345416","0.8484808102345416","0.8079690831556504","0.8079690831556504","0.8079690831556504","","","","0.8050373134328359","0.8050373134328359","0.8050373134328359","0.6636460554371002","0.6636460554371002","0.6636460554371002","0.8226945628997868","0.8226945628997868","0.8226945628997868","0.7675239872068229","0.7675239872068229","0.7675239872068229","0.784981343283582","0.784981343283582","0.784981343283582","0.8360874200426439","0.8360874200426439","0.8360874200426439","0.7997068230277186","0.7997068230277186","0.7997068230277186","0.8384861407249466","0.8384861407249466","0.8384861407249466","0.8118336886993603","0.8118336886993603","0.8118336886993603","0.7563965884861408","0.7563965884861408","0.7563965884861408","0.8003731343283581","0.8003731343283581","0.8003731343283581","0.8318230277185501","0.8318230277185501","0.8318230277185501","0.8099680170575693","0.8099680170575693","0.8099680170575693","0.8102345415778252","0.8102345415778252","0.8102345415778252","0.7342750533049041","0.7342750533049041","0.7342750533049041","0.8184968017057569","0.8184968017057569","0.8184968017057569","0.8194296375266524","0.8194296375266524","0.8194296375266524","0.839952025586354","0.839952025586354","0.839952025586354","0.8059701492537313","0.8059701492537313","0.8059701492537313","0.8543443496801706","0.8543443496801706","0.8543443496801706","0.8414179104477612","0.8414179104477612","0.8414179104477612"
"25","0.7997068230277186","0.7997068230277186","0.7997068230277186","0.8574093816631131","0.8574093816631131","0.8574093816631131","0.8314232409381662","0.8314232409381662","0.8314232409381662","0.7750533049040512","0.7750533049040512","0.7750533049040512","0.8315565031982941","0.8315565031982941","0.8315565031982941","0.8041044776119403","0.8041044776119403","0.8041044776119403","0.8503464818763325","0.8503464818763325","0.8503464818763325","0.8017057569296375","0.8017057569296375","0.8017057569296375","","","","0.8142324093816631","0.8142324093816631","0.8142324093816631","0.8316897654584222","0.8316897654584222","0.8316897654584222","0.8228944562899787","0.8228944562899787","0.8228944562899787","0.7977745202558635","0.7977745202558635","0.7977745202558635","0.814632196162047","0.814632196162047","0.814632196162047","0.8515458422174841","0.8515458422174841","0.8515458422174841","0.8023720682302772","0.8023720682302772","0.8023720682302772","0.7425373134328358","0.7425373134328358","0.7425373134328358","0.8454157782515992","0.8454157782515992","0.8454157782515992","0.8194296375266525","0.8194296375266525","0.8194296375266525","0.7503331556503198","0.7503331556503198","0.7503331556503198","0.8230277185501065","0.8230277185501065","0.8230277185501065","0.8172974413646057","0.8172974413646057","0.8172974413646057","0.8226279317697229","0.8226279317697229","0.8226279317697229","0.81636460554371","0.81636460554371","0.81636460554371","0.8450159914712154","0.8450159914712154","0.8450159914712154","0.8166311300639658","0.8166311300639658","0.8166311300639658","0.8461487206823027","0.8461487206823027","0.8461487206823027","0.8176305970149254","0.8176305970149254","0.8176305970149254","0.8246268656716418","0.8246268656716418","0.8246268656716418","0.8352878464818764","0.8352878464818764","0.8352878464818764"
"26","0.8195628997867804","0.8195628997867804","0.8195628997867804","0.8172974413646056","0.8172974413646056","0.8172974413646056","0.826359275053305","0.826359275053305","0.826359275053305","","","","0.8379530916844349","0.8379530916844349","0.8379530916844349","0.8175639658848614","0.8175639658848614","0.8175639658848614","0.8603411513859275","0.8603411513859275","0.8603411513859275","0.8254264392324094","0.8254264392324094","0.8254264392324094","","","","0.7713219616204691","0.7713219616204691","0.7713219616204691","0.7733208955223881","0.7733208955223881","0.7733208955223881","0.8406183368869936","0.8406183368869936","0.8406183368869936","0.7953757995735607","0.7953757995735607","0.7953757995735607","0.8302238805970148","0.8302238805970148","0.8302238805970148","0.8492803837953092","0.8492803837953092","0.8492803837953092","0.8134994669509594","0.8134994669509594","0.8134994669509594","0.8366204690831556","0.8366204690831556","0.8366204690831556","0.8403518123667377","0.8403518123667377","0.8403518123667377","0.8128997867803838","0.8128997867803838","0.8128997867803838","0.7140191897654584","0.7140191897654584","0.7140191897654584","0.8403518123667377","0.8403518123667377","0.8403518123667377","","","","0.8447494669509594","0.8447494669509594","0.8447494669509594","0.7619269722814499","0.7619269722814499","0.7619269722814499","0.7995735607675907","0.7995735607675907","0.7995735607675907","0.8077025586353945","0.8077025586353945","0.8077025586353945","0.838019722814499","0.838019722814499","0.838019722814499","0.8117004264392325","0.8117004264392325","0.8117004264392325","0.8364872068230277","0.8364872068230277","0.8364872068230277","0.847681236673774","0.847681236673774","0.847681236673774"
"27","0.8488805970149255","0.8488805970149255","0.8488805970149255","0.8506130063965885","0.8506130063965885","0.8506130063965885","0.8087686567164178","0.8087686567164178","0.8087686567164178","","","","0.849546908315565","0.849546908315565","0.849546908315565","0.8038379530916845","0.8038379530916845","0.8038379530916845","0.8678038379530917","0.8678038379530917","0.8678038379530917","0.8260927505330491","0.8260927505330491","0.8260927505330491","","","","0.8018390191897655","0.8018390191897655","0.8018390191897655","0.8151652452025586","0.8151652452025586","0.8151652452025586","0.8450159914712154","0.8450159914712154","0.8450159914712154","0.8052372068230277","0.8052372068230277","0.8052372068230277","0.8326226012793176","0.8326226012793176","0.8326226012793176","0.8479477611940298","0.8479477611940298","0.8479477611940298","0.7933102345415779","0.7933102345415779","0.7933102345415779","0.8440831556503199","0.8440831556503199","0.8440831556503199","0.8156982942430703","0.8156982942430703","0.8156982942430703","0.7683901918976547","0.7683901918976547","0.7683901918976547","0.5267857142857143","0.5267857142857143","0.5267857142857143","0.8022388059701493","0.8022388059701493","0.8022388059701493","","","","0.818230277185501","0.818230277185501","0.818230277185501","0.7937100213219617","0.7937100213219617","0.7937100213219617","0.8302238805970149","0.8302238805970149","0.8302238805970149","0.8208955223880596","0.8208955223880596","0.8208955223880596","0.8424840085287847","0.8424840085287847","0.8424840085287847","0.8019056503198294","0.8019056503198294","0.8019056503198294","0.7865138592750534","0.7865138592750534","0.7865138592750534","0.8462153518123668","0.8462153518123668","0.8462153518123668"
"28","0.8139658848614072","0.8139658848614072","0.8139658848614072","0.8383528784648188","0.8383528784648188","0.8383528784648188","0.8394189765458421","0.8394189765458421","0.8394189765458421","","","","0.8388859275053304","0.8388859275053304","0.8388859275053304","0.8326226012793178","0.8326226012793178","0.8326226012793178","0.8524786780383795","0.8524786780383795","0.8524786780383795","0.8310234541577826","0.8310234541577826","0.8310234541577826","","","","0.8118336886993603","0.8118336886993603","0.8118336886993603","0.8128997867803839","0.8128997867803839","0.8128997867803839","0.8532782515991472","0.8532782515991472","0.8532782515991472","0.8093017057569296","0.8093017057569296","0.8093017057569296","0.8308901918976545","0.8308901918976545","0.8308901918976545","0.8578091684434968","0.8578091684434968","0.8578091684434968","0.8063699360341152","0.8063699360341152","0.8063699360341152","0.8206289978678039","0.8206289978678039","0.8206289978678039","0.798907249466951","0.798907249466951","0.798907249466951","0.8222281449893389","0.8222281449893389","0.8222281449893389","0.6981609808102346","0.6981609808102346","0.6981609808102346","0.8340884861407251","0.8340884861407251","0.8340884861407251","","","","0.8514125799573561","0.8514125799573561","0.8514125799573561","0.7827825159914712","0.7827825159914712","0.7827825159914712","0.8520788912579957","0.8520788912579957","0.8520788912579957","0.8423507462686567","0.8423507462686567","0.8423507462686567","0.8440831556503198","0.8440831556503198","0.8440831556503198","0.8085687633262261","0.8085687633262261","0.8085687633262261","0.8315565031982943","0.8315565031982943","0.8315565031982943","0.8271588486140725","0.8271588486140725","0.8271588486140725"
"29","0.8412846481876333","0.8412846481876333","0.8412846481876333","0.8683368869936035","0.8683368869936035","0.8683368869936035","0.851545842217484","0.851545842217484","0.851545842217484","","","","0.8316897654584222","0.8316897654584222","0.8316897654584222","0.8191631130063967","0.8191631130063967","0.8191631130063967","0.8543443496801707","0.8543443496801707","0.8543443496801707","0.8298240938166311","0.8298240938166311","0.8298240938166311","","","","0.7923773987206824","0.7923773987206824","0.7923773987206824","0.8115671641791046","0.8115671641791046","0.8115671641791046","0.8138326226012793","0.8138326226012793","0.8138326226012793","0.8088352878464818","0.8088352878464818","0.8088352878464818","0.8359541577825159","0.8359541577825159","0.8359541577825159","0.833955223880597","0.833955223880597","0.833955223880597","0.8113672707889126","0.8113672707889126","0.8113672707889126","0.8256929637526652","0.8256929637526652","0.8256929637526652","0.8018390191897654","0.8018390191897654","0.8018390191897654","0.8119669509594882","0.8119669509594882","0.8119669509594882","0.6920975479744136","0.6920975479744136","0.6920975479744136","0.8291577825159914","0.8291577825159914","0.8291577825159914","","","","0.8392857142857143","0.8392857142857143","0.8392857142857143","0.7757196162046909","0.7757196162046909","0.7757196162046909","0.840085287846482","0.840085287846482","0.840085287846482","0.8482142857142858","0.8482142857142858","0.8482142857142858","0.8286247334754797","0.8286247334754797","0.8286247334754797","0.8063033049040511","0.8063033049040511","0.8063033049040511","0.8435501066098081","0.8435501066098081","0.8435501066098081","0.8403518123667377","0.8403518123667377","0.8403518123667377"
"30","0.8258262260127932","0.8258262260127932","0.8258262260127932","0.8518123667377399","0.8518123667377399","0.8518123667377399","0.8051705756929638","0.8051705756929638","0.8051705756929638","","","","0.8200959488272921","0.8200959488272921","0.8200959488272921","0.8287579957356077","0.8287579957356077","0.8287579957356077","0.8459488272921108","0.8459488272921108","0.8459488272921108","0.8314898720682303","0.8314898720682303","0.8314898720682303","","","","0.8109008528784648","0.8109008528784648","0.8109008528784648","0.8287579957356076","0.8287579957356076","0.8287579957356076","0.8270255863539445","0.8270255863539445","0.8270255863539445","0.8045042643923241","0.8045042643923241","0.8045042643923241","0.8366204690831557","0.8366204690831557","0.8366204690831557","0.8430170575692965","0.8430170575692965","0.8430170575692965","0.8146321961620471","0.8146321961620471","0.8146321961620471","0.7854477611940299","0.7854477611940299","0.7854477611940299","0.8035714285714285","0.8035714285714285","0.8035714285714285","0.759461620469083","0.759461620469083","0.759461620469083","0.8252265458422176","0.8252265458422176","0.8252265458422176","0.8422174840085288","0.8422174840085288","0.8422174840085288","","","","0.8384861407249466","0.8384861407249466","0.8384861407249466","0.7626599147121536","0.7626599147121536","0.7626599147121536","0.8231609808102345","0.8231609808102345","0.8231609808102345","0.8523454157782516","0.8523454157782516","0.8523454157782516","0.830023987206823","0.830023987206823","0.830023987206823","0.786913646055437","0.786913646055437","0.786913646055437","0.7918443496801706","0.7918443496801706","0.7918443496801706","0.8299573560767591","0.8299573560767591","0.8299573560767591"
"31","0.8244936034115139","0.8244936034115139","0.8244936034115139","0.8567430703624733","0.8567430703624733","0.8567430703624733","0.8232942430703625","0.8232942430703625","0.8232942430703625","","","","0.8641391257995736","0.8641391257995736","0.8641391257995736","0.8176972281449894","0.8176972281449894","0.8176972281449894","0.8420842217484008","0.8420842217484008","0.8420842217484008","0.8328891257995735","0.8328891257995735","0.8328891257995735","","","","0.7605277185501066","0.7605277185501066","0.7605277185501066","0.8411513859275053","0.8411513859275053","0.8411513859275053","0.8115671641791046","0.8115671641791046","0.8115671641791046","0.8002398720682303","0.8002398720682303","0.8002398720682303","0.8228944562899787","0.8228944562899787","0.8228944562899787","0.8548773987206822","0.8548773987206822","0.8548773987206822","0.7914445628997868","0.7914445628997868","0.7914445628997868","0.8352878464818763","0.8352878464818763","0.8352878464818763","0.8256929637526652","0.8256929637526652","0.8256929637526652","0.8146988272921108","0.8146988272921108","0.8146988272921108","0.7309434968017057","0.7309434968017057","0.7309434968017057","0.8583422174840084","0.8583422174840084","0.8583422174840084","","","","0.8483475479744137","0.8483475479744137","0.8483475479744137","0.8106343283582089","0.8106343283582089","0.8106343283582089","0.8296908315565032","0.8296908315565032","0.8296908315565032","0.8430170575692963","0.8430170575692963","0.8430170575692963","0.835954157782516","0.835954157782516","0.835954157782516","0.7915111940298507","0.7915111940298507","0.7915111940298507","0.8087686567164178","0.8087686567164178","0.8087686567164178","0.8374200426439231","0.8374200426439231","0.8374200426439231"
"32","0.8323560767590619","0.8323560767590619","0.8323560767590619","0.8571428571428571","0.8571428571428571","0.8571428571428571","0.8363539445628998","0.8363539445628998","0.8363539445628998","","","","0.8531449893390192","0.8531449893390192","0.8531449893390192","0.831956289978678","0.831956289978678","0.831956289978678","0.8538113006396589","0.8538113006396589","0.8538113006396589","0.8374200426439233","0.8374200426439233","0.8374200426439233","","","","0.804637526652452","0.804637526652452","0.804637526652452","0.8384195095948827","0.8384195095948827","0.8384195095948827","0.8438166311300639","0.8438166311300639","0.8438166311300639","0.8158315565031984","0.8158315565031984","0.8158315565031984","0.8308901918976546","0.8308901918976546","0.8308901918976546","0.8463486140724946","0.8463486140724946","0.8463486140724946","0.8181636460554371","0.8181636460554371","0.8181636460554371","0.8604744136460555","0.8604744136460555","0.8604744136460555","0.8468816631130064","0.8468816631130064","0.8468816631130064","0.7602611940298507","0.7602611940298507","0.7602611940298507","0.8433502132196162","0.8433502132196162","0.8433502132196162","0.8323560767590619","0.8323560767590619","0.8323560767590619","","","","0.8510127931769723","0.8510127931769723","0.8510127931769723","0.7970415778251598","0.7970415778251598","0.7970415778251598","","","","0.8568763326226013","0.8568763326226013","0.8568763326226013","0.8252931769722814","0.8252931769722814","0.8252931769722814","0.8000399786780384","0.8000399786780384","0.8000399786780384","0.8115671641791045","0.8115671641791045","0.8115671641791045","0.8451492537313433","0.8451492537313433","0.8451492537313433"
"33","0.8298240938166311","0.8298240938166311","0.8298240938166311","0.8736673773987206","0.8736673773987206","0.8736673773987206","0.8252931769722814","0.8252931769722814","0.8252931769722814","","","","0.8360874200426439","0.8360874200426439","0.8360874200426439","0.8298240938166312","0.8298240938166312","0.8298240938166312","0.8656716417910448","0.8656716417910448","0.8656716417910448","0.8212953091684435","0.8212953091684435","0.8212953091684435","","","","0.767723880597015","0.767723880597015","0.767723880597015","0.792910447761194","0.792910447761194","0.792910447761194","0.828091684434968","0.828091684434968","0.828091684434968","0.8031716417910448","0.8031716417910448","0.8031716417910448","0.8344882729211087","0.8344882729211087","0.8344882729211087","0.8109008528784649","0.8109008528784649","0.8109008528784649","0.7982409381663113","0.7982409381663113","0.7982409381663113","0.8444829424307035","0.8444829424307035","0.8444829424307035","0.8272921108742004","0.8272921108742004","0.8272921108742004","0.8103011727078892","0.8103011727078892","0.8103011727078892","0.7718550106609808","0.7718550106609808","0.7718550106609808","0.8474147121535182","0.8474147121535182","0.8474147121535182","","","","0.8411513859275053","0.8411513859275053","0.8411513859275053","0.8097014925373134","0.8097014925373134","0.8097014925373134","","","","0.8472814498933902","0.8472814498933902","0.8472814498933902","0.830223880597015","0.830223880597015","0.830223880597015","0.7534648187633263","0.7534648187633263","0.7534648187633263","0.8134328358208954","0.8134328358208954","0.8134328358208954","0.8404850746268657","0.8404850746268657","0.8404850746268657"
"34","0.8115671641791045","0.8115671641791045","0.8115671641791045","0.8604744136460555","0.8604744136460555","0.8604744136460555","0.8002398720682303","0.8002398720682303","0.8002398720682303","","","","0.8540778251599147","0.8540778251599147","0.8540778251599147","0.818363539445629","0.818363539445629","0.818363539445629","0.8635394456289979","0.8635394456289979","0.8635394456289979","0.8226279317697228","0.8226279317697228","0.8226279317697228","","","","0.7941098081023454","0.7941098081023454","0.7941098081023454","0.8247601279317698","0.8247601279317698","0.8247601279317698","0.7987739872068231","0.7987739872068231","0.7987739872068231","0.7879131130063965","0.7879131130063965","0.7879131130063965","0.83568763326226","0.83568763326226","0.83568763326226","0.8520788912579959","0.8520788912579959","0.8520788912579959","0.8039045842217484","0.8039045842217484","0.8039045842217484","0.8200959488272921","0.8200959488272921","0.8200959488272921","0.8451492537313433","0.8451492537313433","0.8451492537313433","0.7146855010660982","0.7146855010660982","0.7146855010660982","0.8128997867803838","0.8128997867803838","0.8128997867803838","0.8592750533049041","0.8592750533049041","0.8592750533049041","","","","0.8431503198294243","0.8431503198294243","0.8431503198294243","0.7708555437100213","0.7708555437100213","0.7708555437100213","","","","0.8538113006396588","0.8538113006396588","0.8538113006396588","0.851679104477612","0.851679104477612","0.851679104477612","0.781449893390192","0.781449893390192","0.781449893390192","0.8113006396588486","0.8113006396588486","0.8113006396588486","0.8443496801705757","0.8443496801705757","0.8443496801705757"
"35","0.8412846481876333","0.8412846481876333","0.8412846481876333","0.8625399786780383","0.8625399786780383","0.8625399786780383","0.8451492537313433","0.8451492537313433","0.8451492537313433","","","","0.8527452025586354","0.8527452025586354","0.8527452025586354","0.8375533049040512","0.8375533049040512","0.8375533049040512","0.8757995735607675","0.8757995735607675","0.8757995735607675","0.8246268656716418","0.8246268656716418","0.8246268656716418","","","","0.8258262260127933","0.8258262260127933","0.8258262260127933","0.8578091684434969","0.8578091684434969","0.8578091684434969","0.8559434968017058","0.8559434968017058","0.8559434968017058","0.8167643923240939","0.8167643923240939","0.8167643923240939","0.8315565031982942","0.8315565031982942","0.8315565031982942","0.8382196162046909","0.8382196162046909","0.8382196162046909","0.8058368869936035","0.8058368869936035","0.8058368869936035","0.8439498933901919","0.8439498933901919","0.8439498933901919","0.8352878464818764","0.8352878464818764","0.8352878464818764","0.8056369936034116","0.8056369936034116","0.8056369936034116","0.7424040511727078","0.7424040511727078","0.7424040511727078","0.8200959488272921","0.8200959488272921","0.8200959488272921","","","","0.8432835820895522","0.8432835820895522","0.8432835820895522","0.7753198294243071","0.7753198294243071","0.7753198294243071","","","","0.8440165245202559","0.8440165245202559","0.8440165245202559","0.8374200426439233","0.8374200426439233","0.8374200426439233","0.7915778251599147","0.7915778251599147","0.7915778251599147","","","","0.8347547974413646","0.8347547974413646","0.8347547974413646"
"36","0.8479477611940299","0.8479477611940299","0.8479477611940299","0.8550772921108742","0.8550772921108742","0.8550772921108742","0.8291577825159915","0.8291577825159915","0.8291577825159915","","","","0.8497468017057569","0.8497468017057569","0.8497468017057569","0.8128997867803838","0.8128997867803838","0.8128997867803838","0.8746002132196162","0.8746002132196162","0.8746002132196162","0.8280916844349681","0.8280916844349681","0.8280916844349681","","","","0.8402185501066098","0.8402185501066098","0.8402185501066098","0.8082356076759062","0.8082356076759062","0.8082356076759062","0.838086353944563","0.838086353944563","0.838086353944563","0.8055703624733476","0.8055703624733476","0.8055703624733476","0.8296908315565031","0.8296908315565031","0.8296908315565031","0.8484808102345417","0.8484808102345417","0.8484808102345417","0.8300906183368869","0.8300906183368869","0.8300906183368869","0.8246268656716418","0.8246268656716418","0.8246268656716418","0.8331556503198294","0.8331556503198294","0.8331556503198294","0.7974413646055436","0.7974413646055436","0.7974413646055436","0.7555303837953091","0.7555303837953091","0.7555303837953091","0.8330223880597015","0.8330223880597015","0.8330223880597015","","","","0.8498134328358209","0.8498134328358209","0.8498134328358209","0.8280250533049041","0.8280250533049041","0.8280250533049041","","","","0.8593416844349681","0.8593416844349681","0.8593416844349681","0.8317563965884862","0.8317563965884862","0.8317563965884862","0.7737206823027719","0.7737206823027719","0.7737206823027719","","","","0.8364872068230277","0.8364872068230277","0.8364872068230277"
"37","0.8560767590618337","0.8560767590618337","0.8560767590618337","0.8558102345415778","0.8558102345415778","0.8558102345415778","0.8470149253731344","0.8470149253731344","0.8470149253731344","","","","0.8454157782515991","0.8454157782515991","0.8454157782515991","0.8358208955223881","0.8358208955223881","0.8358208955223881","0.8588752665245204","0.8588752665245204","0.8588752665245204","0.8290245202558636","0.8290245202558636","0.8290245202558636","","","","0.8119669509594882","0.8119669509594882","0.8119669509594882","0.8212953091684434","0.8212953091684434","0.8212953091684434","0.8543443496801705","0.8543443496801705","0.8543443496801705","0.8025053304904051","0.8025053304904051","0.8025053304904051","0.8318230277185502","0.8318230277185502","0.8318230277185502","0.8458821961620469","0.8458821961620469","0.8458821961620469","0.8067697228144989","0.8067697228144989","0.8067697228144989","0.8435501066098081","0.8435501066098081","0.8435501066098081","0.8422174840085288","0.8422174840085288","0.8422174840085288","0.8076359275053304","0.8076359275053304","0.8076359275053304","0.7434701492537313","0.7434701492537313","0.7434701492537313","0.8391524520255863","0.8391524520255863","0.8391524520255863","","","","0.8460820895522388","0.8460820895522388","0.8460820895522388","0.8037046908315565","0.8037046908315565","0.8037046908315565","","","","0.8615405117270789","0.8615405117270789","0.8615405117270789","0.8503464818763327","0.8503464818763327","0.8503464818763327","","","","","","","0.8346215351812366","0.8346215351812366","0.8346215351812366"
"38","0.8435501066098082","0.8435501066098082","0.8435501066098082","0.8332889125799574","0.8332889125799574","0.8332889125799574","0.8538113006396588","0.8538113006396588","0.8538113006396588","","","","0.8479477611940298","0.8479477611940298","0.8479477611940298","0.8354211087420041","0.8354211087420041","0.8354211087420041","0.875","0.875","0.875","0.8382196162046909","0.8382196162046909","0.8382196162046909","","","","0.8396855010660981","0.8396855010660981","0.8396855010660981","0.8339552238805971","0.8339552238805971","0.8339552238805971","0.80477078891258","0.80477078891258","0.80477078891258","0.7861140724946696","0.7861140724946696","0.7861140724946696","0.8323560767590618","0.8323560767590618","0.8323560767590618","0.8490804904051173","0.8490804904051173","0.8490804904051173","0.8316897654584222","0.8316897654584222","0.8316897654584222","0.8436833688699361","0.8436833688699361","0.8436833688699361","0.8350213219616204","0.8350213219616204","0.8350213219616204","0.8170309168443496","0.8170309168443496","0.8170309168443496","0.7789179104477613","0.7789179104477613","0.7789179104477613","0.8275586353944563","0.8275586353944563","0.8275586353944563","","","","0.834088486140725","0.834088486140725","0.834088486140725","0.8262926439232409","0.8262926439232409","0.8262926439232409","","","","0.8528784648187633","0.8528784648187633","0.8528784648187633","0.8462153518123667","0.8462153518123667","0.8462153518123667","","","","","","","0.8387526652452025","0.8387526652452025","0.8387526652452025"
"39","0.8464818763326226","0.8464818763326226","0.8464818763326226","0.8514125799573561","0.8514125799573561","0.8514125799573561","0.8526119402985074","0.8526119402985074","0.8526119402985074","","","","0.8196961620469083","0.8196961620469083","0.8196961620469083","0.8511460554371002","0.8511460554371002","0.8511460554371002","0.8819962686567164","0.8819962686567164","0.8819962686567164","","","","","","","0.8248933901918977","0.8248933901918977","0.8248933901918977","0.8571428571428571","0.8571428571428571","0.8571428571428571","0.8422174840085287","0.8422174840085287","0.8422174840085287","0.7767857142857143","0.7767857142857143","0.7767857142857143","0.8382196162046909","0.8382196162046909","0.8382196162046909","0.8462153518123668","0.8462153518123668","0.8462153518123668","0.8290245202558636","0.8290245202558636","0.8290245202558636","0.8350213219616204","0.8350213219616204","0.8350213219616204","0.8410181236673775","0.8410181236673775","0.8410181236673775","0.7767857142857143","0.7767857142857143","0.7767857142857143","0.7967084221748401","0.7967084221748401","0.7967084221748401","0.851545842217484","0.851545842217484","0.851545842217484","","","","0.8407515991471215","0.8407515991471215","0.8407515991471215","0.8059035181236673","0.8059035181236673","0.8059035181236673","","","","0.8575426439232409","0.8575426439232409","0.8575426439232409","0.8338219616204692","0.8338219616204692","0.8338219616204692","","","","","","","0.8218283582089552","0.8218283582089552","0.8218283582089552"
"40","0.847414712153518","0.847414712153518","0.847414712153518","0.8555437100213219","0.8555437100213219","0.8555437100213219","0.8487473347547975","0.8487473347547975","0.8487473347547975","","","","0.8544776119402985","0.8544776119402985","0.8544776119402985","0.8256929637526653","0.8256929637526653","0.8256929637526653","0.8803971215351812","0.8803971215351812","0.8803971215351812","","","","","","","0.7999733475479744","0.7999733475479744","0.7999733475479744","0.8083688699360342","0.8083688699360342","0.8083688699360342","0.8270255863539445","0.8270255863539445","0.8270255863539445","0.7947761194029851","0.7947761194029851","0.7947761194029851","0.8366204690831557","0.8366204690831557","0.8366204690831557","0.8452825159914712","0.8452825159914712","0.8452825159914712","0.8115005330490405","0.8115005330490405","0.8115005330490405","0.8303571428571428","0.8303571428571428","0.8303571428571428","0.8348880597014926","0.8348880597014926","0.8348880597014926","0.8136993603411513","0.8136993603411513","0.8136993603411513","0.7858475479744136","0.7858475479744136","0.7858475479744136","0.8648720682302772","0.8648720682302772","0.8648720682302772","","","","0.8427505330490406","0.8427505330490406","0.8427505330490406","0.7739872068230277","0.7739872068230277","0.7739872068230277","","","","0.8514125799573561","0.8514125799573561","0.8514125799573561","0.8401519189765458","0.8401519189765458","0.8401519189765458","","","","","","","0.8410181236673774","0.8410181236673774","0.8410181236673774"
"41","0.8468816631130064","0.8468816631130064","0.8468816631130064","0.8552771855010661","0.8552771855010661","0.8552771855010661","0.8526119402985074","0.8526119402985074","0.8526119402985074","","","","0.8514125799573561","0.8514125799573561","0.8514125799573561","0.8410181236673774","0.8410181236673774","0.8410181236673774","0.8508795309168443","0.8508795309168443","0.8508795309168443","","","","","","","0.8134328358208955","0.8134328358208955","0.8134328358208955","0.8044376332622603","0.8044376332622603","0.8044376332622603","0.8559434968017058","0.8559434968017058","0.8559434968017058","0.7971748400852878","0.7971748400852878","0.7971748400852878","0.8304904051172709","0.8304904051172709","0.8304904051172709","0.8439498933901919","0.8439498933901919","0.8439498933901919","0.8160314498933902","0.8160314498933902","0.8160314498933902","0.8391524520255863","0.8391524520255863","0.8391524520255863","0.8363539445628997","0.8363539445628997","0.8363539445628997","0.8139658848614072","0.8139658848614072","0.8139658848614072","0.8295575692963753","0.8295575692963753","0.8295575692963753","0.8559434968017057","0.8559434968017057","0.8559434968017057","","","","0.8408848614072495","0.8408848614072495","0.8408848614072495","0.8101679104477612","0.8101679104477612","0.8101679104477612","","","","0.8611407249466951","0.8611407249466951","0.8611407249466951","0.8528784648187634","0.8528784648187634","0.8528784648187634","","","","","","","0.8398187633262261","0.8398187633262261","0.8398187633262261"
"42","0.8500799573560767","0.8500799573560767","0.8500799573560767","0.8510127931769723","0.8510127931769723","0.8510127931769723","0.8459488272921108","0.8459488272921108","0.8459488272921108","","","","0.8471481876332623","0.8471481876332623","0.8471481876332623","0.8426172707889126","0.8426172707889126","0.8426172707889126","0.855410447761194","0.855410447761194","0.855410447761194","","","","","","","0.8415511727078892","0.8415511727078892","0.8415511727078892","0.7661247334754796","0.7661247334754796","0.7661247334754796","0.8274253731343284","0.8274253731343284","0.8274253731343284","0.7883795309168443","0.7883795309168443","0.7883795309168443","0.8380863539445629","0.8380863539445629","0.8380863539445629","0.8482142857142858","0.8482142857142858","0.8482142857142858","0.8192963752665245","0.8192963752665245","0.8192963752665245","0.8410181236673773","0.8410181236673773","0.8410181236673773","0.8298240938166312","0.8298240938166312","0.8298240938166312","0.7903784648187634","0.7903784648187634","0.7903784648187634","0.8085021321961621","0.8085021321961621","0.8085021321961621","0.8588752665245202","0.8588752665245202","0.8588752665245202","","","","","","","0.8347547974413646","0.8347547974413646","0.8347547974413646","","","","0.8524786780383795","0.8524786780383795","0.8524786780383795","0.8367537313432837","0.8367537313432837","0.8367537313432837","","","","","","","0.8386194029850745","0.8386194029850745","0.8386194029850745"
"43","0.8519456289978679","0.8519456289978679","0.8519456289978679","0.8548773987206824","0.8548773987206824","0.8548773987206824","0.8520788912579957","0.8520788912579957","0.8520788912579957","","","","","","","0.8292910447761196","0.8292910447761196","0.8292910447761196","0.886727078891258","0.886727078891258","0.886727078891258","","","","","","","0.8706023454157783","0.8706023454157783","0.8706023454157783","0.8215618336886994","0.8215618336886994","0.8215618336886994","0.8270255863539445","0.8270255863539445","0.8270255863539445","0.7861140724946696","0.7861140724946696","0.7861140724946696","0.8343550106609808","0.8343550106609808","0.8343550106609808","0.8434168443496802","0.8434168443496802","0.8434168443496802","0.8212286780383795","0.8212286780383795","0.8212286780383795","","","","0.8236940298507461","0.8236940298507461","0.8236940298507461","0.8081023454157783","0.8081023454157783","0.8081023454157783","0.7970415778251599","0.7970415778251599","0.7970415778251599","0.8608742004264393","0.8608742004264393","0.8608742004264393","","","","","","","0.8100346481876333","0.8100346481876333","0.8100346481876333","","","","0.8636727078891259","0.8636727078891259","0.8636727078891259","0.8470149253731343","0.8470149253731343","0.8470149253731343","","","","","","","0.8402185501066098","0.8402185501066098","0.8402185501066098"
"44","0.8562100213219617","0.8562100213219617","0.8562100213219617","","","","0.8506130063965884","0.8506130063965884","0.8506130063965884","","","","","","","0.8424840085287847","0.8424840085287847","0.8424840085287847","0.8639392324093818","0.8639392324093818","0.8639392324093818","","","","","","","0.8306236673773986","0.8306236673773986","0.8306236673773986","0.8288912579957356","0.8288912579957356","0.8288912579957356","0.8650053304904051","0.8650053304904051","0.8650053304904051","0.7935767590618337","0.7935767590618337","0.7935767590618337","","","","0.8471481876332623","0.8471481876332623","0.8471481876332623","0.7891791044776121","0.7891791044776121","0.7891791044776121","","","","0.8252931769722814","0.8252931769722814","0.8252931769722814","0.839685501066098","0.839685501066098","0.839685501066098","0.806769722814499","0.806769722814499","0.806769722814499","0.8643390191897655","0.8643390191897655","0.8643390191897655","","","","","","","0.8173640724946695","0.8173640724946695","0.8173640724946695","","","","0.8630063965884861","0.8630063965884861","0.8630063965884861","0.8387526652452025","0.8387526652452025","0.8387526652452025","","","","","","","0.8411513859275052","0.8411513859275052","0.8411513859275052"
"45","0.8528784648187633","0.8528784648187633","0.8528784648187633","","","","0.8528784648187633","0.8528784648187633","0.8528784648187633","","","","","","","0.8500799573560768","0.8500799573560768","0.8500799573560768","0.8488805970149252","0.8488805970149252","0.8488805970149252","","","","","","","0.8420842217484009","0.8420842217484009","0.8420842217484009","0.8194296375266524","0.8194296375266524","0.8194296375266524","0.8218283582089552","0.8218283582089552","0.8218283582089552","0.7834488272921108","0.7834488272921108","0.7834488272921108","","","","0.8451492537313433","0.8451492537313433","0.8451492537313433","0.8236273987206824","0.8236273987206824","0.8236273987206824","","","","0.8302238805970148","0.8302238805970148","0.8302238805970148","0.834088486140725","0.834088486140725","0.834088486140725","","","","0.8674040511727079","0.8674040511727079","0.8674040511727079","","","","","","","0.8277585287846482","0.8277585287846482","0.8277585287846482","","","","0.8538113006396588","0.8538113006396588","0.8538113006396588","0.8402185501066098","0.8402185501066098","0.8402185501066098","","","","","","","","",""
"46","0.8550106609808101","0.8550106609808101","0.8550106609808101","","","","0.8464818763326226","0.8464818763326226","0.8464818763326226","","","","","","","0.8391524520255862","0.8391524520255862","0.8391524520255862","0.8767324093816632","0.8767324093816632","0.8767324093816632","","","","","","","0.8432835820895523","0.8432835820895523","0.8432835820895523","","","","0.8406183368869935","0.8406183368869935","0.8406183368869935","0.785047974413646","0.785047974413646","0.785047974413646","","","","0.845549040511727","0.845549040511727","0.845549040511727","0.8128997867803838","0.8128997867803838","0.8128997867803838","","","","0.8318230277185502","0.8318230277185502","0.8318230277185502","0.8017723880597015","0.8017723880597015","0.8017723880597015","","","","0.8622068230277186","0.8622068230277186","0.8622068230277186","","","","","","","0.8210954157782516","0.8210954157782516","0.8210954157782516","","","","0.8500799573560768","0.8500799573560768","0.8500799573560768","0.8321561833688699","0.8321561833688699","0.8321561833688699","","","","","","","","",""
"47","0.8503464818763325","0.8503464818763325","0.8503464818763325","","","","0.8431503198294243","0.8431503198294243","0.8431503198294243","","","","","","","0.8395522388059701","0.8395522388059701","0.8395522388059701","0.8852611940298508","0.8852611940298508","0.8852611940298508","","","","","","","0.8255597014925373","0.8255597014925373","0.8255597014925373","","","","0.7899786780383795","0.7899786780383795","0.7899786780383795","","","","","","","","","","0.8166311300639659","0.8166311300639659","0.8166311300639659","","","","0.8274253731343284","0.8274253731343284","0.8274253731343284","0.8194296375266525","0.8194296375266525","0.8194296375266525","","","","0.8588752665245203","0.8588752665245203","0.8588752665245203","","","","","","","","","","","","","0.8480810234541578","0.8480810234541578","0.8480810234541578","0.851545842217484","0.851545842217484","0.851545842217484","","","","","","","","",""
"48","","","","","","","0.843816631130064","0.843816631130064","0.843816631130064","","","","","","","0.8424840085287847","0.8424840085287847","0.8424840085287847","0.8804637526652452","0.8804637526652452","0.8804637526652452","","","","","","","0.8471481876332623","0.8471481876332623","0.8471481876332623","","","","0.8367537313432836","0.8367537313432836","0.8367537313432836","","","","","","","","","","0.8069029850746269","0.8069029850746269","0.8069029850746269","","","","","","","0.7602611940298506","0.7602611940298506","0.7602611940298506","","","","0.8611407249466951","0.8611407249466951","0.8611407249466951","","","","","","","","","","","","","0.8422174840085289","0.8422174840085289","0.8422174840085289","0.8352212153518124","0.8352212153518124","0.8352212153518124","","","","","","","","",""
"49","","","","","","","0.8462153518123667","0.8462153518123667","0.8462153518123667","","","","","","","0.8395522388059702","0.8395522388059702","0.8395522388059702","0.8823294243070362","0.8823294243070362","0.8823294243070362","","","","","","","0.8013059701492536","0.8013059701492536","0.8013059701492536","","","","0.8434168443496802","0.8434168443496802","0.8434168443496802","","","","","","","","","","0.8043710021321961","0.8043710021321961","0.8043710021321961","","","","","","","0.7594616204690833","0.7594616204690833","0.7594616204690833","","","","0.8716684434968017","0.8716684434968017","0.8716684434968017","","","","","","","","","","","","","0.8592750533049042","0.8592750533049042","0.8592750533049042","0.8503464818763327","0.8503464818763327","0.8503464818763327","","","","","","","","",""
"50","","","","","","","","","","","","","","","","","","","","","","","","","","","","0.8367537313432836","0.8367537313432836","0.8367537313432836","","","","0.8499466950959489","0.8499466950959489","0.8499466950959489","","","","","","","","","","0.821961620469083","0.821961620469083","0.821961620469083","","","","","","","0.769722814498934","0.769722814498934","0.769722814498934","","","","0.8632729211087421","0.8632729211087421","0.8632729211087421","","","","","","","","","","","","","0.8553438166311301","0.8553438166311301","0.8553438166311301","0.8312899786780384","0.8312899786780384","0.8312899786780384","","","","","","","","",""
"51","","","","","","","","","","","","","","","","","","","","","","","","","","","","0.8420842217484008","0.8420842217484008","0.8420842217484008","","","","0.8238272921108741","0.8238272921108741","0.8238272921108741","","","","","","","","","","0.8211620469083156","0.8211620469083156","0.8211620469083156","","","","","","","0.8029051172707888","0.8029051172707888","0.8029051172707888","","","","0.8583422174840085","0.8583422174840085","0.8583422174840085","","","","","","","","","","","","","0.8541444562899787","0.8541444562899787","0.8541444562899787","0.8446162046908317","0.8446162046908317","0.8446162046908317","","","","","","","","",""
"52","","","","","","","","","","","","","","","","","","","","","","","","","","","","0.8483475479744137","0.8483475479744137","0.8483475479744137","","","","0.832089552238806","0.832089552238806","0.832089552238806","","","","","","","","","","0.8195628997867804","0.8195628997867804","0.8195628997867804","","","","","","","0.8170309168443497","0.8170309168443497","0.8170309168443497","","","","0.8699360341151386","0.8699360341151386","0.8699360341151386","","","","","","","","","","","","","0.8518789978678039","0.8518789978678039","0.8518789978678039","0.843816631130064","0.843816631130064","0.843816631130064","","","","","","","","",""
"53","","","","","","","","","","","","","","","","","","","","","","","","","","","","0.8406183368869936","0.8406183368869936","0.8406183368869936","","","","0.8298240938166311","0.8298240938166311","0.8298240938166311","","","","","","","","","","0.8189632196162047","0.8189632196162047","0.8189632196162047","","","","","","","0.814498933901919","0.814498933901919","0.814498933901919","","","","0.8703358208955224","0.8703358208955224","0.8703358208955224","","","","","","","","","","","","","0.8521455223880596","0.8521455223880596","0.8521455223880596","0.8365538379530917","0.8365538379530917","0.8365538379530917","","","","","","","","",""
"54","","","","","","","","","","","","","","","","","","","","","","","","","","","","","","","","","","0.8279584221748401","0.8279584221748401","0.8279584221748401","","","","","","","","","","","","","","","","","","","0.8107009594882729","0.8107009594882729","0.8107009594882729","","","","0.8636727078891259","0.8636727078891259","0.8636727078891259","","","","","","","","","","","","","","","","0.8470149253731344","0.8470149253731344","0.8470149253731344","","","","","","","","",""
"55","","","","","","","","","","","","","","","","","","","","","","","","","","","","","","","","","","","","","","","","","","","","","","","","","","","","","","","","","","","","","0.8535447761194029","0.8535447761194029","0.8535447761194029","","","","","","","","","","","","","","","","0.8474147121535182","0.8474147121535182","0.8474147121535182","","","","","","","","",""
"56","","","","","","","","","","","","","","","","","","","","","","","","","","","","","","","","","","","","","","","","","","","","","","","","","","","","","","","","","","","","","0.8583422174840085","0.8583422174840085","0.8583422174840085","","","","","","","","","","","","","","","","0.8363539445628998","0.8363539445628998","0.8363539445628998","","","","","","","","",""
"57","","","","","","","","","","","","","","","","","","","","","","","","","","","","","","","","","","","","","","","","","","","","","","","","","","","","","","","","","","","","","0.8492803837953092","0.8492803837953092","0.8492803837953092","","","","","","","","","","","","","","","","0.8435501066098081","0.8435501066098081","0.8435501066098081","","","","","","","","",""
"58","","","","","","","","","","","","","","","","","","","","","","","","","","","","","","","","","","","","","","","","","","","","","","","","","","","","","","","","","","","","","0.8534115138592752","0.8534115138592752","0.8534115138592752","","","","","","","","","","","","","","","","0.8430170575692963","0.8430170575692963","0.8430170575692963","","","","","","","","",""
"59","","","","","","","","","","","","","","","","","","","","","","","","","","","","","","","","","","","","","","","","","","","","","","","","","","","","","","","","","","","","","0.8548773987206822","0.8548773987206822","0.8548773987206822","","","","","","","","","","","","","","","","0.8428837953091683","0.8428837953091683","0.8428837953091683","","","","","","","","",""