"Step","13-x2ct-20250607_010214 - val_auc","13-x2ct-20250607_010214 - val_auc__MIN","13-x2ct-20250607_010214 - val_auc__MAX","30-x2ct-20250605_051616 - val_auc","30-x2ct-20250605_051616 - val_auc__MIN","30-x2ct-20250605_051616 - val_auc__MAX","29-x2ct-20250605_050310 - val_auc","29-x2ct-20250605_050310 - val_auc__MIN","29-x2ct-20250605_050310 - val_auc__MAX","28-x2ct-20250605_050152 - val_auc","28-x2ct-20250605_050152 - val_auc__MIN","28-x2ct-20250605_050152 - val_auc__MAX","26-x2ct-20250605_050026 - val_auc","26-x2ct-20250605_050026 - val_auc__MIN","26-x2ct-20250605_050026 - val_auc__MAX","27-x2ct-20250605_045920 - val_auc","27-x2ct-20250605_045920 - val_auc__MIN","27-x2ct-20250605_045920 - val_auc__MAX","25-x2ct-20250605_042726 - val_auc","25-x2ct-20250605_042726 - val_auc__MIN","25-x2ct-20250605_042726 - val_auc__MAX","24-x2ct-20250605_042150 - val_auc","24-x2ct-20250605_042150 - val_auc__MIN","24-x2ct-20250605_042150 - val_auc__MAX","23-x2ct-20250605_040620 - val_auc","23-x2ct-20250605_040620 - val_auc__MIN","23-x2ct-20250605_040620 - val_auc__MAX","22-x2ct-20250605_032711 - val_auc","22-x2ct-20250605_032711 - val_auc__MIN","22-x2ct-20250605_032711 - val_auc__MAX","21-x2ct-20250605_031244 - val_auc","21-x2ct-20250605_031244 - val_auc__MIN","21-x2ct-20250605_031244 - val_auc__MAX","20-x2ct-20250605_030844 - val_auc","20-x2ct-20250605_030844 - val_auc__MIN","20-x2ct-20250605_030844 - val_auc__MAX","19-x2ct-20250605_023333 - val_auc","19-x2ct-20250605_023333 - val_auc__MIN","19-x2ct-20250605_023333 - val_auc__MAX","18-x2ct-20250605_022611 - val_auc","18-x2ct-20250605_022611 - val_auc__MIN","18-x2ct-20250605_022611 - val_auc__MAX","16-x2ct-20250605_021715 - val_auc","16-x2ct-20250605_021715 - val_auc__MIN","16-x2ct-20250605_021715 - val_auc__MAX","17-x2ct-20250605_021715 - val_auc","17-x2ct-20250605_021715 - val_auc__MIN","17-x2ct-20250605_021715 - val_auc__MAX","15-x2ct-20250605_014356 - val_auc","15-x2ct-20250605_014356 - val_auc__MIN","15-x2ct-20250605_014356 - val_auc__MAX","14-x2ct-20250605_013513 - val_auc","14-x2ct-20250605_013513 - val_auc__MIN","14-x2ct-20250605_013513 - val_auc__MAX","12-x2ct-20250605_013414 - val_auc","12-x2ct-20250605_013414 - val_auc__MIN","12-x2ct-20250605_013414 - val_auc__MAX","11-x2ct-20250605_002211 - val_auc","11-x2ct-20250605_002211 - val_auc__MIN","11-x2ct-20250605_002211 - val_auc__MAX","10-x2ct-20250605_001405 - val_auc","10-x2ct-20250605_001405 - val_auc__MIN","10-x2ct-20250605_001405 - val_auc__MAX","9-x2ct-20250604_235138 - val_auc","9-x2ct-20250604_235138 - val_auc__MIN","9-x2ct-20250604_235138 - val_auc__MAX","8-x2ct-20250604_233322 - val_auc","8-x2ct-20250604_233322 - val_auc__MIN","8-x2ct-20250604_233322 - val_auc__MAX","7-x2ct-20250604_230121 - val_auc","7-x2ct-20250604_230121 - val_auc__MIN","7-x2ct-20250604_230121 - val_auc__MAX","6-x2ct-20250604_223606 - val_auc","6-x2ct-20250604_223606 - val_auc__MIN","6-x2ct-20250604_223606 - val_auc__MAX","5-x2ct-20250604_222605 - val_auc","5-x2ct-20250604_222605 - val_auc__MIN","5-x2ct-20250604_222605 - val_auc__MAX","3-x2ct-20250604_215732 - val_auc","3-x2ct-20250604_215732 - val_auc__MIN","3-x2ct-20250604_215732 - val_auc__MAX","4-x2ct-20250604_215658 - val_auc","4-x2ct-20250604_215658 - val_auc__MIN","4-x2ct-20250604_215658 - val_auc__MAX","2-x2ct-20250604_215106 - val_auc","2-x2ct-20250604_215106 - val_auc__MIN","2-x2ct-20250604_215106 - val_auc__MAX","1-x2ct-20250604_214206 - val_auc","1-x2ct-20250604_214206 - val_auc__MIN","1-x2ct-20250604_214206 - val_auc__MAX"
"0","0.476679104477612","0.476679104477612","0.476679104477612","0.6114072494669509","0.6114072494669509","0.6114072494669509","0.5727611940298507","0.5727611940298507","0.5727611940298507","0.5955490405117271","0.5955490405117271","0.5955490405117271","0.4504264392324094","0.4504264392324094","0.4504264392324094","0.5398454157782516","0.5398454157782516","0.5398454157782516","0.470615671641791","0.470615671641791","0.470615671641791","0.5202558635394458","0.5202558635394458","0.5202558635394458","0.4654850746268656","0.4654850746268656","0.4654850746268656","0.5009328358208955","0.5009328358208955","0.5009328358208955","0.5222547974413646","0.5222547974413646","0.5222547974413646","0.4657515991471215","0.4657515991471215","0.4657515991471215","0.5467750533049041","0.5467750533049041","0.5467750533049041","0.6162046908315564","0.6162046908315564","0.6162046908315564","0.6275319829424307","0.6275319829424307","0.6275319829424307","0.49826759061833686","0.49826759061833686","0.49826759061833686","0.6222014925373135","0.6222014925373135","0.6222014925373135","0.5137260127931771","0.5137260127931771","0.5137260127931771","0.4426972281449893","0.4426972281449893","0.4426972281449893","0.5930170575692963","0.5930170575692963","0.5930170575692963","0.5503731343283582","0.5503731343283582","0.5503731343283582","0.7264125799573561","0.7264125799573561","0.7264125799573561","0.6672441364605545","0.6672441364605545","0.6672441364605545","0.5999466950959488","0.5999466950959488","0.5999466950959488","0.5430437100213219","0.5430437100213219","0.5430437100213219","0.6199360341151385","0.6199360341151385","0.6199360341151385","0.5411780383795309","0.5411780383795309","0.5411780383795309","0.5723614072494669","0.5723614072494669","0.5723614072494669","0.709221748400853","0.709221748400853","0.709221748400853","0.6056769722814499","0.6056769722814499","0.6056769722814499"
"1","0.6283315565031983","0.6283315565031983","0.6283315565031983","0.6389925373134329","0.6389925373134329","0.6389925373134329","0.7548640724946696","0.7548640724946696","0.7548640724946696","0.6327292110874201","0.6327292110874201","0.6327292110874201","0.7651918976545843","0.7651918976545843","0.7651918976545843","0.779184434968017","0.779184434968017","0.779184434968017","0.8007729211087421","0.8007729211087421","0.8007729211087421","0.6472547974413646","0.6472547974413646","0.6472547974413646","0.7429371002132197","0.7429371002132197","0.7429371002132197","0.6361940298507462","0.6361940298507462","0.6361940298507462","0.7903784648187633","0.7903784648187633","0.7903784648187633","0.6349946695095949","0.6349946695095949","0.6349946695095949","0.6003464818763327","0.6003464818763327","0.6003464818763327","0.7018923240938166","0.7018923240938166","0.7018923240938166","0.7282782515991472","0.7282782515991472","0.7282782515991472","0.7356076759061835","0.7356076759061835","0.7356076759061835","0.6517857142857143","0.6517857142857143","0.6517857142857143","0.6155383795309168","0.6155383795309168","0.6155383795309168","0.6704424307036247","0.6704424307036247","0.6704424307036247","0.6604477611940298","0.6604477611940298","0.6604477611940298","0.6126066098081024","0.6126066098081024","0.6126066098081024","0.6704424307036246","0.6704424307036246","0.6704424307036246","0.47681236673773986","0.47681236673773986","0.47681236673773986","0.6651119402985075","0.6651119402985075","0.6651119402985075","0.509728144989339","0.509728144989339","0.509728144989339","0.6539179104477612","0.6539179104477612","0.6539179104477612","0.6632462686567164","0.6632462686567164","0.6632462686567164","0.5597014925373134","0.5597014925373134","0.5597014925373134","0.7216151385927505","0.7216151385927505","0.7216151385927505","0.6540511727078892","0.6540511727078892","0.6540511727078892"
"2","0.6916311300639659","0.6916311300639659","0.6916311300639659","0.6110074626865672","0.6110074626865672","0.6110074626865672","0.40251865671641796","0.40251865671641796","0.40251865671641796","0.6871002132196162","0.6871002132196162","0.6871002132196162","0.6166044776119405","0.6166044776119405","0.6166044776119405","0.7028251599147122","0.7028251599147122","0.7028251599147122","0.814498933901919","0.814498933901919","0.814498933901919","0.697228144989339","0.697228144989339","0.697228144989339","0.7373400852878463","0.7373400852878463","0.7373400852878463","0.7801172707889127","0.7801172707889127","0.7801172707889127","0.7530650319829424","0.7530650319829424","0.7530650319829424","0.6213352878464818","0.6213352878464818","0.6213352878464818","0.6495202558635396","0.6495202558635396","0.6495202558635396","0.6139392324093816","0.6139392324093816","0.6139392324093816","0.7662579957356076","0.7662579957356076","0.7662579957356076","0.662313432835821","0.662313432835821","0.662313432835821","0.7281449893390193","0.7281449893390193","0.7281449893390193","0.6330623667377399","0.6330623667377399","0.6330623667377399","0.6744402985074627","0.6744402985074627","0.6744402985074627","0.7786513859275053","0.7786513859275053","0.7786513859275053","0.7941098081023454","0.7941098081023454","0.7941098081023454","0.7858475479744137","0.7858475479744137","0.7858475479744137","0.7160181236673774","0.7160181236673774","0.7160181236673774","0.3460820895522388","0.3460820895522388","0.3460820895522388","0.7569296375266524","0.7569296375266524","0.7569296375266524","0.6914978678038379","0.6914978678038379","0.6914978678038379","0.6227345415778252","0.6227345415778252","0.6227345415778252","0.831956289978678","0.831956289978678","0.831956289978678","0.8234275053304905","0.8234275053304905","0.8234275053304905","0.5235874200426439","0.5235874200426439","0.5235874200426439"
"3","0.763726012793177","0.763726012793177","0.763726012793177","0.814365671641791","0.814365671641791","0.814365671641791","0.6057436034115138","0.6057436034115138","0.6057436034115138","0.8081023454157781","0.8081023454157781","0.8081023454157781","0.584088486140725","0.584088486140725","0.584088486140725","0.728344882729211","0.728344882729211","0.728344882729211","0.7249466950959489","0.7249466950959489","0.7249466950959489","0.7305437100213219","0.7305437100213219","0.7305437100213219","0.8144989339019189","0.8144989339019189","0.8144989339019189","0.8342217484008528","0.8342217484008528","0.8342217484008528","0.8326226012793178","0.8326226012793178","0.8326226012793178","0.685501066098081","0.685501066098081","0.685501066098081","0.7754530916844349","0.7754530916844349","0.7754530916844349","0.7827825159914712","0.7827825159914712","0.7827825159914712","0.8087686567164178","0.8087686567164178","0.8087686567164178","0.8070362473347548","0.8070362473347548","0.8070362473347548","0.779184434968017","0.779184434968017","0.779184434968017","0.7584621535181237","0.7584621535181237","0.7584621535181237","0.7681236673773988","0.7681236673773988","0.7681236673773988","0.7962420042643924","0.7962420042643924","0.7962420042643924","0.6645788912579957","0.6645788912579957","0.6645788912579957","0.576492537313433","0.576492537313433","0.576492537313433","0.7723880597014926","0.7723880597014926","0.7723880597014926","0.8347547974413647","0.8347547974413647","0.8347547974413647","0.7370735607675907","0.7370735607675907","0.7370735607675907","0.7666577825159915","0.7666577825159915","0.7666577825159915","0.7314765458422174","0.7314765458422174","0.7314765458422174","0.8376865671641791","0.8376865671641791","0.8376865671641791","0.755996801705757","0.755996801705757","0.755996801705757","0.6363272921108742","0.6363272921108742","0.6363272921108742"
"4","0.4641524520255864","0.4641524520255864","0.4641524520255864","0.8136993603411513","0.8136993603411513","0.8136993603411513","0.8222281449893389","0.8222281449893389","0.8222281449893389","0.7206823027718551","0.7206823027718551","0.7206823027718551","0.7425373134328359","0.7425373134328359","0.7425373134328359","0.6886993603411514","0.6886993603411514","0.6886993603411514","0.8143656716417911","0.8143656716417911","0.8143656716417911","0.6637793176972282","0.6637793176972282","0.6637793176972282","0.8428837953091685","0.8428837953091685","0.8428837953091685","0.670175906183369","0.670175906183369","0.670175906183369","0.8394189765458422","0.8394189765458422","0.8394189765458422","0.5788246268656718","0.5788246268656718","0.5788246268656718","0.5966151385927505","0.5966151385927505","0.5966151385927505","0.7507995735607675","0.7507995735607675","0.7507995735607675","0.834088486140725","0.834088486140725","0.834088486140725","0.7583955223880596","0.7583955223880596","0.7583955223880596","0.8049040511727078","0.8049040511727078","0.8049040511727078","0.7570628997867803","0.7570628997867803","0.7570628997867803","0.8268923240938167","0.8268923240938167","0.8268923240938167","0.8159648187633263","0.8159648187633263","0.8159648187633263","0.5887526652452025","0.5887526652452025","0.5887526652452025","0.7762526652452025","0.7762526652452025","0.7762526652452025","0.6383928571428571","0.6383928571428571","0.6383928571428571","0.6703091684434968","0.6703091684434968","0.6703091684434968","0.6976279317697228","0.6976279317697228","0.6976279317697228","0.7759861407249468","0.7759861407249468","0.7759861407249468","0.7987739872068231","0.7987739872068231","0.7987739872068231","0.8384861407249468","0.8384861407249468","0.8384861407249468","0.8542777185501066","0.8542777185501066","0.8542777185501066","0.75386460554371","0.75386460554371","0.75386460554371"
"5","0.7638592750533049","0.7638592750533049","0.7638592750533049","0.8019722814498934","0.8019722814498934","0.8019722814498934","0.8123667377398721","0.8123667377398721","0.8123667377398721","0.845682302771855","0.845682302771855","0.845682302771855","0.707222814498934","0.707222814498934","0.707222814498934","0.8091684434968017","0.8091684434968017","0.8091684434968017","0.7899786780383795","0.7899786780383795","0.7899786780383795","0.7825159914712154","0.7825159914712154","0.7825159914712154","0.8443496801705757","0.8443496801705757","0.8443496801705757","0.7866471215351811","0.7866471215351811","0.7866471215351811","0.8566098081023454","0.8566098081023454","0.8566098081023454","0.5783582089552239","0.5783582089552239","0.5783582089552239","0.8322228144989339","0.8322228144989339","0.8322228144989339","0.8117004264392323","0.8117004264392323","0.8117004264392323","0.8267590618336887","0.8267590618336887","0.8267590618336887","0.6131396588486141","0.6131396588486141","0.6131396588486141","0.8121002132196162","0.8121002132196162","0.8121002132196162","0.6700426439232411","0.6700426439232411","0.6700426439232411","0.7886460554371001","0.7886460554371001","0.7886460554371001","0.806769722814499","0.806769722814499","0.806769722814499","0.6961620469083155","0.6961620469083155","0.6961620469083155","0.6336620469083157","0.6336620469083157","0.6336620469083157","0.7424040511727079","0.7424040511727079","0.7424040511727079","0.8119669509594882","0.8119669509594882","0.8119669509594882","0.7290111940298507","0.7290111940298507","0.7290111940298507","0.7825159914712153","0.7825159914712153","0.7825159914712153","0.6984275053304904","0.6984275053304904","0.6984275053304904","0.5578358208955224","0.5578358208955224","0.5578358208955224","0.8306236673773987","0.8306236673773987","0.8306236673773987","0.7289445628997868","0.7289445628997868","0.7289445628997868"
"6","0.6984275053304904","0.6984275053304904","0.6984275053304904","0.8111673773987207","0.8111673773987207","0.8111673773987207","0.7600613006396587","0.7600613006396587","0.7600613006396587","0.824227078891258","0.824227078891258","0.824227078891258","0.6728411513859276","0.6728411513859276","0.6728411513859276","0.7979744136460555","0.7979744136460555","0.7979744136460555","0.8316897654584222","0.8316897654584222","0.8316897654584222","0.7662579957356077","0.7662579957356077","0.7662579957356077","0.8299573560767591","0.8299573560767591","0.8299573560767591","0.8266257995735609","0.8266257995735609","0.8266257995735609","0.8468816631130064","0.8468816631130064","0.8468816631130064","0.7034914712153517","0.7034914712153517","0.7034914712153517","0.740405117270789","0.740405117270789","0.740405117270789","0.8364872068230277","0.8364872068230277","0.8364872068230277","0.8526119402985074","0.8526119402985074","0.8526119402985074","0.8186300639658849","0.8186300639658849","0.8186300639658849","0.8148987206823027","0.8148987206823027","0.8148987206823027","0.7380063965884862","0.7380063965884862","0.7380063965884862","0.8130330490405118","0.8130330490405118","0.8130330490405118","0.8464818763326226","0.8464818763326226","0.8464818763326226","0.6477878464818763","0.6477878464818763","0.6477878464818763","0.8214285714285714","0.8214285714285714","0.8214285714285714","0.7821162046908314","0.7821162046908314","0.7821162046908314","0.7920442430703625","0.7920442430703625","0.7920442430703625","0.8360874200426441","0.8360874200426441","0.8360874200426441","0.8287579957356078","0.8287579957356078","0.8287579957356078","0.7877132196162047","0.7877132196162047","0.7877132196162047","0.8619402985074627","0.8619402985074627","0.8619402985074627","0.8229610874200426","0.8229610874200426","0.8229610874200426","0.8322228144989339","0.8322228144989339","0.8322228144989339"
"7","0.8142324093816632","0.8142324093816632","0.8142324093816632","0.8371535181236673","0.8371535181236673","0.8371535181236673","0.7962420042643924","0.7962420042643924","0.7962420042643924","0.8362206823027719","0.8362206823027719","0.8362206823027719","0.7064232409381662","0.7064232409381662","0.7064232409381662","0.8098347547974415","0.8098347547974415","0.8098347547974415","0.8212953091684435","0.8212953091684435","0.8212953091684435","0.7961087420042643","0.7961087420042643","0.7961087420042643","0.8443496801705757","0.8443496801705757","0.8443496801705757","0.8346215351812367","0.8346215351812367","0.8346215351812367","0.837953091684435","0.837953091684435","0.837953091684435","0.7877132196162048","0.7877132196162048","0.7877132196162048","0.8371535181236675","0.8371535181236675","0.8371535181236675","0.7733208955223881","0.7733208955223881","0.7733208955223881","0.8135660980810234","0.8135660980810234","0.8135660980810234","0.7873134328358209","0.7873134328358209","0.7873134328358209","0.8122334754797441","0.8122334754797441","0.8122334754797441","0.7134861407249466","0.7134861407249466","0.7134861407249466","0.8199626865671642","0.8199626865671642","0.8199626865671642","0.8228944562899786","0.8228944562899786","0.8228944562899786","0.7999733475479744","0.7999733475479744","0.7999733475479744","0.8504797441364605","0.8504797441364605","0.8504797441364605","0.8191631130063967","0.8191631130063967","0.8191631130063967","0.7727212153518125","0.7727212153518125","0.7727212153518125","0.8076359275053305","0.8076359275053305","0.8076359275053305","0.8487473347547975","0.8487473347547975","0.8487473347547975","0.7707889125799573","0.7707889125799573","0.7707889125799573","0.8303571428571429","0.8303571428571429","0.8303571428571429","0.8494136460554371","0.8494136460554371","0.8494136460554371","0.8288912579957357","0.8288912579957357","0.8288912579957357"
"8","0.581756396588486","0.581756396588486","0.581756396588486","0.8198294243070362","0.8198294243070362","0.8198294243070362","0.8370202558635395","0.8370202558635395","0.8370202558635395","0.8366204690831557","0.8366204690831557","0.8366204690831557","0.814632196162047","0.814632196162047","0.814632196162047","0.7801172707889126","0.7801172707889126","0.7801172707889126","0.8347547974413646","0.8347547974413646","0.8347547974413646","0.8200959488272921","0.8200959488272921","0.8200959488272921","0.8566098081023453","0.8566098081023453","0.8566098081023453","0.8420842217484008","0.8420842217484008","0.8420842217484008","0.834088486140725","0.834088486140725","0.834088486140725","0.7854477611940298","0.7854477611940298","0.7854477611940298","0.8384861407249468","0.8384861407249468","0.8384861407249468","0.8354211087420044","0.8354211087420044","0.8354211087420044","0.8227611940298507","0.8227611940298507","0.8227611940298507","0.8434168443496801","0.8434168443496801","0.8434168443496801","0.8131663113006398","0.8131663113006398","0.8131663113006398","0.796908315565032","0.796908315565032","0.796908315565032","0.7971748400852878","0.7971748400852878","0.7971748400852878","0.8302238805970149","0.8302238805970149","0.8302238805970149","0.6980277185501067","0.6980277185501067","0.6980277185501067","0.8214285714285715","0.8214285714285715","0.8214285714285715","0.8074360341151385","0.8074360341151385","0.8074360341151385","0.6680437100213219","0.6680437100213219","0.6680437100213219","0.8030383795309168","0.8030383795309168","0.8030383795309168","0.810501066098081","0.810501066098081","0.810501066098081","0.7533981876332623","0.7533981876332623","0.7533981876332623","0.8634061833688699","0.8634061833688699","0.8634061833688699","0.8535447761194029","0.8535447761194029","0.8535447761194029","0.8500799573560768","0.8500799573560768","0.8500799573560768"
"9","0.564632196162047","0.564632196162047","0.564632196162047","0.7951759061833689","0.7951759061833689","0.7951759061833689","0.7593283582089552","0.7593283582089552","0.7593283582089552","0.7881130063965885","0.7881130063965885","0.7881130063965885","0.8111673773987207","0.8111673773987207","0.8111673773987207","0.7591950959488273","0.7591950959488273","0.7591950959488273","0.8479477611940298","0.8479477611940298","0.8479477611940298","0.8122334754797441","0.8122334754797441","0.8122334754797441","0.851545842217484","0.851545842217484","0.851545842217484","0.8340884861407251","0.8340884861407251","0.8340884861407251","0.7921108742004265","0.7921108742004265","0.7921108742004265","0.8363539445628998","0.8363539445628998","0.8363539445628998","0.8608742004264393","0.8608742004264393","0.8608742004264393","0.8431503198294243","0.8431503198294243","0.8431503198294243","0.8438166311300639","0.8438166311300639","0.8438166311300639","0.8330223880597014","0.8330223880597014","0.8330223880597014","0.8350213219616205","0.8350213219616205","0.8350213219616205","0.8036380597014925","0.8036380597014925","0.8036380597014925","0.8431503198294243","0.8431503198294243","0.8431503198294243","0.6496535181236673","0.6496535181236673","0.6496535181236673","0.7837153518123667","0.7837153518123667","0.7837153518123667","0.7813166311300641","0.7813166311300641","0.7813166311300641","0.7679904051172708","0.7679904051172708","0.7679904051172708","0.8062366737739872","0.8062366737739872","0.8062366737739872","0.830090618336887","0.830090618336887","0.830090618336887","0.6281316631130065","0.6281316631130065","0.6281316631130065","0.8234275053304905","0.8234275053304905","0.8234275053304905","0.8347547974413646","0.8347547974413646","0.8347547974413646","0.8387526652452025","0.8387526652452025","0.8387526652452025","0.7707889125799573","0.7707889125799573","0.7707889125799573"
"10","0.716751066098081","0.716751066098081","0.716751066098081","0.8534115138592752","0.8534115138592752","0.8534115138592752","0.8222281449893389","0.8222281449893389","0.8222281449893389","0.8542110874200426","0.8542110874200426","0.8542110874200426","0.8228944562899787","0.8228944562899787","0.8228944562899787","0.818230277185501","0.818230277185501","0.818230277185501","0.8364872068230278","0.8364872068230278","0.8364872068230278","0.8075692963752665","0.8075692963752665","0.8075692963752665","0.8404850746268657","0.8404850746268657","0.8404850746268657","0.8440831556503199","0.8440831556503199","0.8440831556503199","0.8582089552238806","0.8582089552238806","0.8582089552238806","0.8198294243070363","0.8198294243070363","0.8198294243070363","0.8499466950959488","0.8499466950959488","0.8499466950959488","0.8444829424307037","0.8444829424307037","0.8444829424307037","0.8398187633262261","0.8398187633262261","0.8398187633262261","0.8148987206823027","0.8148987206823027","0.8148987206823027","0.804504264392324","0.804504264392324","0.804504264392324","0.7799173773987207","0.7799173773987207","0.7799173773987207","0.8390191897654585","0.8390191897654585","0.8390191897654585","0.7787846481876333","0.7787846481876333","0.7787846481876333","0.7711886993603411","0.7711886993603411","0.7711886993603411","0.8674040511727079","0.8674040511727079","0.8674040511727079","0.8364872068230278","0.8364872068230278","0.8364872068230278","0.8250266524520256","0.8250266524520256","0.8250266524520256","0.8311567164179104","0.8311567164179104","0.8311567164179104","0.8659381663113007","0.8659381663113007","0.8659381663113007","0.8130330490405118","0.8130330490405118","0.8130330490405118","0.8021055437100213","0.8021055437100213","0.8021055437100213","0.8448827292110874","0.8448827292110874","0.8448827292110874","0.8539445628997867","0.8539445628997867","0.8539445628997867"
"11","0.8442830490405118","0.8442830490405118","0.8442830490405118","0.8430836886993603","0.8430836886993603","0.8430836886993603","0.851679104477612","0.851679104477612","0.851679104477612","0.828091684434968","0.828091684434968","0.828091684434968","0.8134328358208954","0.8134328358208954","0.8134328358208954","0.7801172707889127","0.7801172707889127","0.7801172707889127","0.8456823027718551","0.8456823027718551","0.8456823027718551","0.8158315565031983","0.8158315565031983","0.8158315565031983","0.8532782515991472","0.8532782515991472","0.8532782515991472","0.8604744136460555","0.8604744136460555","0.8604744136460555","0.8426172707889127","0.8426172707889127","0.8426172707889127","0.8135660980810235","0.8135660980810235","0.8135660980810235","0.8740671641791045","0.8740671641791045","0.8740671641791045","0.8560767590618337","0.8560767590618337","0.8560767590618337","0.8150319829424307","0.8150319829424307","0.8150319829424307","0.8591417910447762","0.8591417910447762","0.8591417910447762","0.8536780383795309","0.8536780383795309","0.8536780383795309","0.7960421108742004","0.7960421108742004","0.7960421108742004","0.8536780383795309","0.8536780383795309","0.8536780383795309","0.8338219616204691","0.8338219616204691","0.8338219616204691","0.7662579957356077","0.7662579957356077","0.7662579957356077","0.5325159914712153","0.5325159914712153","0.5325159914712153","0.834221748400853","0.834221748400853","0.834221748400853","0.8136993603411514","0.8136993603411514","0.8136993603411514","0.8178304904051172","0.8178304904051172","0.8178304904051172","0.839952025586354","0.839952025586354","0.839952025586354","0.8403518123667377","0.8403518123667377","0.8403518123667377","0.8560767590618338","0.8560767590618338","0.8560767590618338","0.8446162046908315","0.8446162046908315","0.8446162046908315","0.8323560767590619","0.8323560767590619","0.8323560767590619"
"12","0.7850479744136462","0.7850479744136462","0.7850479744136462","0.8583422174840085","0.8583422174840085","0.8583422174840085","0.800639658848614","0.800639658848614","0.800639658848614","0.8526785714285714","0.8526785714285714","0.8526785714285714","0.7927771855010661","0.7927771855010661","0.7927771855010661","0.7711220682302771","0.7711220682302771","0.7711220682302771","0.8382196162046909","0.8382196162046909","0.8382196162046909","0.8139658848614073","0.8139658848614073","0.8139658848614073","0.8723347547974414","0.8723347547974414","0.8723347547974414","0.8670042643923241","0.8670042643923241","0.8670042643923241","0.8604744136460555","0.8604744136460555","0.8604744136460555","0.8274253731343283","0.8274253731343283","0.8274253731343283","0.8498134328358209","0.8498134328358209","0.8498134328358209","0.8668710021321961","0.8668710021321961","0.8668710021321961","0.8486140724946695","0.8486140724946695","0.8486140724946695","0.7834488272921107","0.7834488272921107","0.7834488272921107","0.8623400852878466","0.8623400852878466","0.8623400852878466","0.8025053304904052","0.8025053304904052","0.8025053304904052","0.8462153518123667","0.8462153518123667","0.8462153518123667","0.8029051172707891","0.8029051172707891","0.8029051172707891","0.7971748400852878","0.7971748400852878","0.7971748400852878","0.8519456289978677","0.8519456289978677","0.8519456289978677","0.8200959488272921","0.8200959488272921","0.8200959488272921","0.8136327292110874","0.8136327292110874","0.8136327292110874","0.8579424307036247","0.8579424307036247","0.8579424307036247","0.7760527718550106","0.7760527718550106","0.7760527718550106","0.8203624733475479","0.8203624733475479","0.8203624733475479","0.8636060767590619","0.8636060767590619","0.8636060767590619","0.8354211087420043","0.8354211087420043","0.8354211087420043","0.8480810234541578","0.8480810234541578","0.8480810234541578"
"13","0.7582622601279317","0.7582622601279317","0.7582622601279317","0.857542643923241","0.857542643923241","0.857542643923241","0.818363539445629","0.818363539445629","0.818363539445629","0.8508128997867803","0.8508128997867803","0.8508128997867803","0.8366204690831557","0.8366204690831557","0.8366204690831557","0.7768523454157782","0.7768523454157782","0.7768523454157782","0.8482142857142857","0.8482142857142857","0.8482142857142857","0.8091684434968017","0.8091684434968017","0.8091684434968017","0.8656716417910448","0.8656716417910448","0.8656716417910448","0.8248933901918976","0.8248933901918976","0.8248933901918976","0.8511460554371003","0.8511460554371003","0.8511460554371003","0.8455490405117271","0.8455490405117271","0.8455490405117271","0.8470149253731344","0.8470149253731344","0.8470149253731344","0.8482142857142857","0.8482142857142857","0.8482142857142857","0.8246268656716418","0.8246268656716418","0.8246268656716418","0.8412846481876333","0.8412846481876333","0.8412846481876333","0.8419509594882729","0.8419509594882729","0.8419509594882729","0.8324893390191899","0.8324893390191899","0.8324893390191899","0.8150319829424307","0.8150319829424307","0.8150319829424307","0.8286247334754797","0.8286247334754797","0.8286247334754797","0.767324093816631","0.767324093816631","0.767324093816631","0.8522121535181236","0.8522121535181236","0.8522121535181236","0.8219616204690833","0.8219616204690833","0.8219616204690833","0.8546108742004265","0.8546108742004265","0.8546108742004265","0.8571428571428571","0.8571428571428571","0.8571428571428571","0.8623400852878466","0.8623400852878466","0.8623400852878466","0.8375533049040512","0.8375533049040512","0.8375533049040512","0.8287579957356077","0.8287579957356077","0.8287579957356077","0.8712686567164181","0.8712686567164181","0.8712686567164181","0.8572761194029851","0.8572761194029851","0.8572761194029851"
"14","0.7947094882729211","0.7947094882729211","0.7947094882729211","0.8479477611940298","0.8479477611940298","0.8479477611940298","0.8176972281449895","0.8176972281449895","0.8176972281449895","0.8498800639658849","0.8498800639658849","0.8498800639658849","0.7671908315565032","0.7671908315565032","0.7671908315565032","0.8254264392324094","0.8254264392324094","0.8254264392324094","0.8668710021321961","0.8668710021321961","0.8668710021321961","0.8270255863539446","0.8270255863539446","0.8270255863539446","0.8402185501066098","0.8402185501066098","0.8402185501066098","0.8256263326226013","0.8256263326226013","0.8256263326226013","0.8566098081023454","0.8566098081023454","0.8566098081023454","0.8395522388059701","0.8395522388059701","0.8395522388059701","0.8431503198294242","0.8431503198294242","0.8431503198294242","0.8699360341151385","0.8699360341151385","0.8699360341151385","0.85567697228145","0.85567697228145","0.85567697228145","0.8568763326226013","0.8568763326226013","0.8568763326226013","0.8435501066098081","0.8435501066098081","0.8435501066098081","0.7905117270788914","0.7905117270788914","0.7905117270788914","0.8118336886993603","0.8118336886993603","0.8118336886993603","0.8415511727078892","0.8415511727078892","0.8415511727078892","0.7775852878464818","0.7775852878464818","0.7775852878464818","0.8488805970149254","0.8488805970149254","0.8488805970149254","0.8319562899786781","0.8319562899786781","0.8319562899786781","0.8170975479744136","0.8170975479744136","0.8170975479744136","0.826159381663113","0.826159381663113","0.826159381663113","0.8479477611940298","0.8479477611940298","0.8479477611940298","0.8391524520255864","0.8391524520255864","0.8391524520255864","0.8660714285714286","0.8660714285714286","0.8660714285714286","0.8643390191897655","0.8643390191897655","0.8643390191897655","0.8474147121535182","0.8474147121535182","0.8474147121535182"
"15","0.8424840085287846","0.8424840085287846","0.8424840085287846","0.8374200426439233","0.8374200426439233","0.8374200426439233","0.8466817697228145","0.8466817697228145","0.8466817697228145","0.8526119402985075","0.8526119402985075","0.8526119402985075","0.8344882729211087","0.8344882729211087","0.8344882729211087","0.8362873134328358","0.8362873134328358","0.8362873134328358","0.8468816631130065","0.8468816631130065","0.8468816631130065","0.8099680170575693","0.8099680170575693","0.8099680170575693","0.8424840085287847","0.8424840085287847","0.8424840085287847","0.8619402985074628","0.8619402985074628","0.8619402985074628","0.8475479744136462","0.8475479744136462","0.8475479744136462","0.8452825159914713","0.8452825159914713","0.8452825159914713","0.8720015991471215","0.8720015991471215","0.8720015991471215","0.8644722814498934","0.8644722814498934","0.8644722814498934","0.8434168443496802","0.8434168443496802","0.8434168443496802","0.8368869936034115","0.8368869936034115","0.8368869936034115","0.8277585287846482","0.8277585287846482","0.8277585287846482","0.8480810234541577","0.8480810234541577","0.8480810234541577","0.81636460554371","0.81636460554371","0.81636460554371","0.8411513859275052","0.8411513859275052","0.8411513859275052","0.7903784648187633","0.7903784648187633","0.7903784648187633","0.8696695095948828","0.8696695095948828","0.8696695095948828","0.8488805970149255","0.8488805970149255","0.8488805970149255","0.8324893390191896","0.8324893390191896","0.8324893390191896","0.8483475479744137","0.8483475479744137","0.8483475479744137","0.8668710021321961","0.8668710021321961","0.8668710021321961","0.851679104477612","0.851679104477612","0.851679104477612","0.8502132196162047","0.8502132196162047","0.8502132196162047","0.8446162046908315","0.8446162046908315","0.8446162046908315","0.8295575692963754","0.8295575692963754","0.8295575692963754"
"16","0.7837153518123667","0.7837153518123667","0.7837153518123667","0.8018390191897654","0.8018390191897654","0.8018390191897654","0.8534115138592753","0.8534115138592753","0.8534115138592753","0.8504797441364605","0.8504797441364605","0.8504797441364605","0.6717750533049041","0.6717750533049041","0.6717750533049041","0.835954157782516","0.835954157782516","0.835954157782516","0.8372867803837954","0.8372867803837954","0.8372867803837954","0.8314232409381663","0.8314232409381663","0.8314232409381663","0.8275586353944562","0.8275586353944562","0.8275586353944562","0.8863272921108742","0.8863272921108742","0.8863272921108742","0.8404850746268657","0.8404850746268657","0.8404850746268657","0.855143923240938","0.855143923240938","0.855143923240938","0.87113539445629","0.87113539445629","0.87113539445629","0.8785980810234543","0.8785980810234543","0.8785980810234543","0.8316897654584221","0.8316897654584221","0.8316897654584221","0.8258262260127932","0.8258262260127932","0.8258262260127932","0.8324893390191898","0.8324893390191898","0.8324893390191898","0.822161513859275","0.822161513859275","0.822161513859275","0.8510127931769722","0.8510127931769722","0.8510127931769722","0.8440831556503199","0.8440831556503199","0.8440831556503199","0.8132995735607677","0.8132995735607677","0.8132995735607677","0.8522121535181237","0.8522121535181237","0.8522121535181237","0.843816631130064","0.843816631130064","0.843816631130064","0.8415511727078892","0.8415511727078892","0.8415511727078892","0.8524786780383795","0.8524786780383795","0.8524786780383795","0.8298240938166311","0.8298240938166311","0.8298240938166311","0.8384861407249466","0.8384861407249466","0.8384861407249466","0.8800639658848614","0.8800639658848614","0.8800639658848614","0.8362206823027719","0.8362206823027719","0.8362206823027719","0.8755330490405117","0.8755330490405117","0.8755330490405117"
"17","0.8502132196162047","0.8502132196162047","0.8502132196162047","0.8467484008528786","0.8467484008528786","0.8467484008528786","0.8578091684434968","0.8578091684434968","0.8578091684434968","0.8564099147121536","0.8564099147121536","0.8564099147121536","0.8610074626865671","0.8610074626865671","0.8610074626865671","0.8358208955223881","0.8358208955223881","0.8358208955223881","0.8560767590618337","0.8560767590618337","0.8560767590618337","0.8268923240938165","0.8268923240938165","0.8268923240938165","0.8556769722814498","0.8556769722814498","0.8556769722814498","0.8126332622601279","0.8126332622601279","0.8126332622601279","0.857276119402985","0.857276119402985","0.857276119402985","0.855410447761194","0.855410447761194","0.855410447761194","0.8708688699360342","0.8708688699360342","0.8708688699360342","0.8796641791044776","0.8796641791044776","0.8796641791044776","0.8111673773987206","0.8111673773987206","0.8111673773987206","0.8131663113006397","0.8131663113006397","0.8131663113006397","0.8523454157782516","0.8523454157782516","0.8523454157782516","0.8286247334754797","0.8286247334754797","0.8286247334754797","0.8495469083155651","0.8495469083155651","0.8495469083155651","0.8431503198294242","0.8431503198294242","0.8431503198294242","0.8358208955223881","0.8358208955223881","0.8358208955223881","0.8650053304904053","0.8650053304904053","0.8650053304904053","0.8114339019189766","0.8114339019189766","0.8114339019189766","0.8198294243070362","0.8198294243070362","0.8198294243070362","0.8488139658848614","0.8488139658848614","0.8488139658848614","0.8540778251599147","0.8540778251599147","0.8540778251599147","0.8287579957356077","0.8287579957356077","0.8287579957356077","0.8600746268656715","0.8600746268656715","0.8600746268656715","0.8547441364605545","0.8547441364605545","0.8547441364605545","0.8648720682302772","0.8648720682302772","0.8648720682302772"
"18","0.7281449893390193","0.7281449893390193","0.7281449893390193","0.869402985074627","0.869402985074627","0.869402985074627","0.825892857142857","0.825892857142857","0.825892857142857","0.8626066098081023","0.8626066098081023","0.8626066098081023","0.8639392324093816","0.8639392324093816","0.8639392324093816","0.8423507462686567","0.8423507462686567","0.8423507462686567","0.8659381663113006","0.8659381663113006","0.8659381663113006","0.8334221748400853","0.8334221748400853","0.8334221748400853","0.8751332622601279","0.8751332622601279","0.8751332622601279","0.8534115138592749","0.8534115138592749","0.8534115138592749","0.8624733475479744","0.8624733475479744","0.8624733475479744","0.849813432835821","0.849813432835821","0.849813432835821","0.8666044776119404","0.8666044776119404","0.8666044776119404","0.8759328358208954","0.8759328358208954","0.8759328358208954","0.8338219616204691","0.8338219616204691","0.8338219616204691","0.8390191897654584","0.8390191897654584","0.8390191897654584","0.8251599147121536","0.8251599147121536","0.8251599147121536","0.8136993603411514","0.8136993603411514","0.8136993603411514","0.8496801705756929","0.8496801705756929","0.8496801705756929","0.847681236673774","0.847681236673774","0.847681236673774","0.8327558635394456","0.8327558635394456","0.8327558635394456","0.8566098081023453","0.8566098081023453","0.8566098081023453","0.8218283582089552","0.8218283582089552","0.8218283582089552","0.8432835820895522","0.8432835820895522","0.8432835820895522","0.8300906183368868","0.8300906183368868","0.8300906183368868","0.8760660980810234","0.8760660980810234","0.8760660980810234","0.851679104477612","0.851679104477612","0.851679104477612","0.8676705756929638","0.8676705756929638","0.8676705756929638","0.855543710021322","0.855543710021322","0.855543710021322","0.8704690831556503","0.8704690831556503","0.8704690831556503"
"19","0.7929770788912581","0.7929770788912581","0.7929770788912581","0.8436833688699361","0.8436833688699361","0.8436833688699361","0.8387526652452026","0.8387526652452026","0.8387526652452026","0.8515458422174839","0.8515458422174839","0.8515458422174839","0.8472814498933902","0.8472814498933902","0.8472814498933902","0.8444163113006397","0.8444163113006397","0.8444163113006397","0.8486140724946696","0.8486140724946696","0.8486140724946696","0.8330223880597016","0.8330223880597016","0.8330223880597016","0.8512793176972282","0.8512793176972282","0.8512793176972282","0.8644722814498934","0.8644722814498934","0.8644722814498934","0.8901918976545842","0.8901918976545842","0.8901918976545842","0.843683368869936","0.843683368869936","0.843683368869936","0.8398187633262261","0.8398187633262261","0.8398187633262261","0.8732675906183368","0.8732675906183368","0.8732675906183368","0.8563432835820896","0.8563432835820896","0.8563432835820896","0.8631396588486141","0.8631396588486141","0.8631396588486141","0.8624733475479743","0.8624733475479743","0.8624733475479743","0.808502132196162","0.808502132196162","0.808502132196162","0.8348880597014925","0.8348880597014925","0.8348880597014925","0.8499466950959489","0.8499466950959489","0.8499466950959489","0.8211620469083156","0.8211620469083156","0.8211620469083156","0.8699360341151385","0.8699360341151385","0.8699360341151385","0.8415511727078892","0.8415511727078892","0.8415511727078892","0.48560767590618337","0.48560767590618337","0.48560767590618337","0.8415511727078892","0.8415511727078892","0.8415511727078892","0.8414179104477612","0.8414179104477612","0.8414179104477612","0.859408315565032","0.859408315565032","0.859408315565032","0.8475479744136462","0.8475479744136462","0.8475479744136462","0.8755330490405118","0.8755330490405118","0.8755330490405118","0.8510127931769723","0.8510127931769723","0.8510127931769723"
"20","0.8222281449893389","0.8222281449893389","0.8222281449893389","0.8583422174840086","0.8583422174840086","0.8583422174840086","0.8506796375266525","0.8506796375266525","0.8506796375266525","0.841817697228145","0.841817697228145","0.841817697228145","0.8470149253731344","0.8470149253731344","0.8470149253731344","0.8390191897654584","0.8390191897654584","0.8390191897654584","0.8578091684434969","0.8578091684434969","0.8578091684434969","0.8110341151385928","0.8110341151385928","0.8110341151385928","0.8719349680170576","0.8719349680170576","0.8719349680170576","0.8479477611940298","0.8479477611940298","0.8479477611940298","0.8885927505330491","0.8885927505330491","0.8885927505330491","0.849680170575693","0.849680170575693","0.849680170575693","0.8684701492537314","0.8684701492537314","0.8684701492537314","0.8639392324093816","0.8639392324093816","0.8639392324093816","0.8627398720682303","0.8627398720682303","0.8627398720682303","0.7602611940298508","0.7602611940298508","0.7602611940298508","0.8419509594882729","0.8419509594882729","0.8419509594882729","0.8360874200426439","0.8360874200426439","0.8360874200426439","0.8208955223880596","0.8208955223880596","0.8208955223880596","0.8528784648187634","0.8528784648187634","0.8528784648187634","0.8015724946695096","0.8015724946695096","0.8015724946695096","0.8374200426439232","0.8374200426439232","0.8374200426439232","0.8420842217484009","0.8420842217484009","0.8420842217484009","0.826226012793177","0.826226012793177","0.826226012793177","0.847681236673774","0.847681236673774","0.847681236673774","0.8602078891257996","0.8602078891257996","0.8602078891257996","0.8516791044776119","0.8516791044776119","0.8516791044776119","0.8602078891257996","0.8602078891257996","0.8602078891257996","0.8684701492537313","0.8684701492537313","0.8684701492537313","0.8651385927505331","0.8651385927505331","0.8651385927505331"
"21","0.7741204690831557","0.7741204690831557","0.7741204690831557","0.7634594882729211","0.7634594882729211","0.7634594882729211","0.8370202558635393","0.8370202558635393","0.8370202558635393","0.8552771855010662","0.8552771855010662","0.8552771855010662","0.8508795309168443","0.8508795309168443","0.8508795309168443","0.8251599147121536","0.8251599147121536","0.8251599147121536","0.8347547974413646","0.8347547974413646","0.8347547974413646","0.837819829424307","0.837819829424307","0.837819829424307","0.8899253731343283","0.8899253731343283","0.8899253731343283","0.8564765458422176","0.8564765458422176","0.8564765458422176","0.8836620469083156","0.8836620469083156","0.8836620469083156","0.8496801705756929","0.8496801705756929","0.8496801705756929","0.8648720682302773","0.8648720682302773","0.8648720682302773","0.867004264392324","0.867004264392324","0.867004264392324","0.863272921108742","0.863272921108742","0.863272921108742","0.8468816631130064","0.8468816631130064","0.8468816631130064","0.8546108742004265","0.8546108742004265","0.8546108742004265","0.861273987206823","0.861273987206823","0.861273987206823","0.8648720682302772","0.8648720682302772","0.8648720682302772","0.8496801705756929","0.8496801705756929","0.8496801705756929","0.8423507462686567","0.8423507462686567","0.8423507462686567","0.8714019189765458","0.8714019189765458","0.8714019189765458","0.8422174840085288","0.8422174840085288","0.8422174840085288","0.8348214285714285","0.8348214285714285","0.8348214285714285","0.8474813432835822","0.8474813432835822","0.8474813432835822","0.8581423240938166","0.8581423240938166","0.8581423240938166","0.8683368869936036","0.8683368869936036","0.8683368869936036","0.8664712153518124","0.8664712153518124","0.8664712153518124","0.8781982942430705","0.8781982942430705","0.8781982942430705","0.8526119402985075","0.8526119402985075","0.8526119402985075"
"22","0.7061567164179106","0.7061567164179106","0.7061567164179106","0.8408848614072495","0.8408848614072495","0.8408848614072495","0.8480810234541578","0.8480810234541578","0.8480810234541578","0.8510794243070362","0.8510794243070362","0.8510794243070362","0.8586087420042643","0.8586087420042643","0.8586087420042643","0.8366871002132196","0.8366871002132196","0.8366871002132196","0.8408848614072495","0.8408848614072495","0.8408848614072495","0.8486140724946696","0.8486140724946696","0.8486140724946696","0.8680703624733476","0.8680703624733476","0.8680703624733476","0.8186300639658848","0.8186300639658848","0.8186300639658848","0.8843283582089553","0.8843283582089553","0.8843283582089553","0.8503464818763327","0.8503464818763327","0.8503464818763327","0.8696695095948828","0.8696695095948828","0.8696695095948828","0.8564765458422176","0.8564765458422176","0.8564765458422176","0.8602078891257995","0.8602078891257995","0.8602078891257995","0.8602078891257995","0.8602078891257995","0.8602078891257995","","","","0.8529450959488274","0.8529450959488274","0.8529450959488274","0.8267590618336887","0.8267590618336887","0.8267590618336887","0.8498134328358209","0.8498134328358209","0.8498134328358209","0.849680170575693","0.849680170575693","0.849680170575693","0.8761993603411514","0.8761993603411514","0.8761993603411514","0.8366204690831557","0.8366204690831557","0.8366204690831557","0.8216950959488273","0.8216950959488273","0.8216950959488273","0.843883262260128","0.843883262260128","0.843883262260128","0.8724680170575693","0.8724680170575693","0.8724680170575693","0.8611407249466952","0.8611407249466952","0.8611407249466952","0.8819296375266524","0.8819296375266524","0.8819296375266524","0.8804637526652451","0.8804637526652451","0.8804637526652451","0.8428837953091685","0.8428837953091685","0.8428837953091685"
"23","0.8488805970149254","0.8488805970149254","0.8488805970149254","0.8448827292110874","0.8448827292110874","0.8448827292110874","0.8410847547974414","0.8410847547974414","0.8410847547974414","0.8486140724946695","0.8486140724946695","0.8486140724946695","0.8528784648187633","0.8528784648187633","0.8528784648187633","0.8137659914712153","0.8137659914712153","0.8137659914712153","0.8411513859275054","0.8411513859275054","0.8411513859275054","0.8523454157782515","0.8523454157782515","0.8523454157782515","0.8678038379530916","0.8678038379530916","0.8678038379530916","0.8422174840085288","0.8422174840085288","0.8422174840085288","0.8791311300639659","0.8791311300639659","0.8791311300639659","0.8506130063965885","0.8506130063965885","0.8506130063965885","0.882862473347548","0.882862473347548","0.882862473347548","0.8676705756929637","0.8676705756929637","0.8676705756929637","0.8618070362473347","0.8618070362473347","0.8618070362473347","0.8690031982942431","0.8690031982942431","0.8690031982942431","","","","0.7983742004264393","0.7983742004264393","0.7983742004264393","0.8606076759061834","0.8606076759061834","0.8606076759061834","0.8514125799573561","0.8514125799573561","0.8514125799573561","0.8251599147121534","0.8251599147121534","0.8251599147121534","0.8765991471215352","0.8765991471215352","0.8765991471215352","0.843550106609808","0.843550106609808","0.843550106609808","0.8280916844349682","0.8280916844349682","0.8280916844349682","0.8576759061833689","0.8576759061833689","0.8576759061833689","0.8464818763326226","0.8464818763326226","0.8464818763326226","0.845682302771855","0.845682302771855","0.845682302771855","0.876998933901919","0.876998933901919","0.876998933901919","0.8751332622601279","0.8751332622601279","0.8751332622601279","0.8694029850746268","0.8694029850746268","0.8694029850746268"
"24","0.7966417910447762","0.7966417910447762","0.7966417910447762","0.8792643923240938","0.8792643923240938","0.8792643923240938","0.8478144989339019","0.8478144989339019","0.8478144989339019","0.8335554371002133","0.8335554371002133","0.8335554371002133","0.8664712153518124","0.8664712153518124","0.8664712153518124","0.8360874200426439","0.8360874200426439","0.8360874200426439","0.8179637526652451","0.8179637526652451","0.8179637526652451","0.8592750533049041","0.8592750533049041","0.8592750533049041","0.8631396588486141","0.8631396588486141","0.8631396588486141","0.8387526652452025","0.8387526652452025","0.8387526652452025","0.8803304904051173","0.8803304904051173","0.8803304904051173","0.8462153518123667","0.8462153518123667","0.8462153518123667","0.8809968017057569","0.8809968017057569","0.8809968017057569","0.874866737739872","0.874866737739872","0.874866737739872","0.8643390191897654","0.8643390191897654","0.8643390191897654","0.8644722814498934","0.8644722814498934","0.8644722814498934","","","","0.8296242004264393","0.8296242004264393","0.8296242004264393","0.8574760127931771","0.8574760127931771","0.8574760127931771","0.8530117270788912","0.8530117270788912","0.8530117270788912","0.8200959488272921","0.8200959488272921","0.8200959488272921","0.8764658848614072","0.8764658848614072","0.8764658848614072","0.8420842217484008","0.8420842217484008","0.8420842217484008","","","","0.8274253731343284","0.8274253731343284","0.8274253731343284","0.8422174840085288","0.8422174840085288","0.8422174840085288","0.838086353944563","0.838086353944563","0.838086353944563","0.867137526652452","0.867137526652452","0.867137526652452","0.8789978678038378","0.8789978678038378","0.8789978678038378","0.8638726012793176","0.8638726012793176","0.8638726012793176"
"25","0.820495735607676","0.820495735607676","0.820495735607676","0.8588752665245203","0.8588752665245203","0.8588752665245203","0.8571428571428571","0.8571428571428571","0.8571428571428571","0.8387526652452026","0.8387526652452026","0.8387526652452026","0.8519456289978679","0.8519456289978679","0.8519456289978679","0.8358208955223881","0.8358208955223881","0.8358208955223881","0.824227078891258","0.824227078891258","0.824227078891258","0.8627398720682302","0.8627398720682302","0.8627398720682302","0.8679371002132196","0.8679371002132196","0.8679371002132196","0.8320895522388059","0.8320895522388059","0.8320895522388059","0.8783315565031984","0.8783315565031984","0.8783315565031984","0.8482142857142856","0.8482142857142856","0.8482142857142856","0.8784648187633262","0.8784648187633262","0.8784648187633262","0.8696695095948828","0.8696695095948828","0.8696695095948828","0.8595415778251599","0.8595415778251599","0.8595415778251599","0.8662046908315565","0.8662046908315565","0.8662046908315565","","","","0.8368869936034115","0.8368869936034115","0.8368869936034115","0.8414179104477613","0.8414179104477613","0.8414179104477613","0.8567430703624734","0.8567430703624734","0.8567430703624734","0.8216950959488273","0.8216950959488273","0.8216950959488273","0.8767324093816631","0.8767324093816631","0.8767324093816631","0.833955223880597","0.833955223880597","0.833955223880597","","","","0.843550106609808","0.843550106609808","0.843550106609808","0.8702025586353945","0.8702025586353945","0.8702025586353945","0.8335554371002132","0.8335554371002132","0.8335554371002132","0.8873933901918978","0.8873933901918978","0.8873933901918978","0.8735341151385927","0.8735341151385927","0.8735341151385927","0.8668710021321961","0.8668710021321961","0.8668710021321961"
"26","0.8222281449893389","0.8222281449893389","0.8222281449893389","0.8503464818763325","0.8503464818763325","0.8503464818763325","0.8614072494669509","0.8614072494669509","0.8614072494669509","0.8424840085287846","0.8424840085287846","0.8424840085287846","0.8531449893390192","0.8531449893390192","0.8531449893390192","","","","0.8290245202558635","0.8290245202558635","0.8290245202558635","0.8522121535181237","0.8522121535181237","0.8522121535181237","0.8837953091684435","0.8837953091684435","0.8837953091684435","0.8343550106609807","0.8343550106609807","0.8343550106609807","0.8761993603411514","0.8761993603411514","0.8761993603411514","0.8470149253731344","0.8470149253731344","0.8470149253731344","0.8730010660980809","0.8730010660980809","0.8730010660980809","0.8682036247334756","0.8682036247334756","0.8682036247334756","0.8706023454157783","0.8706023454157783","0.8706023454157783","0.8622068230277186","0.8622068230277186","0.8622068230277186","","","","0.8362873134328359","0.8362873134328359","0.8362873134328359","0.8326226012793176","0.8326226012793176","0.8326226012793176","0.8511460554371001","0.8511460554371001","0.8511460554371001","0.8760660980810234","0.8760660980810234","0.8760660980810234","","","","0.8387526652452025","0.8387526652452025","0.8387526652452025","","","","0.8501465884861408","0.8501465884861408","0.8501465884861408","0.8600746268656716","0.8600746268656716","0.8600746268656716","0.8272921108742004","0.8272921108742004","0.8272921108742004","0.8327558635394455","0.8327558635394455","0.8327558635394455","0.8739339019189766","0.8739339019189766","0.8739339019189766","0.8674040511727079","0.8674040511727079","0.8674040511727079"
"27","0.8239605543710021","0.8239605543710021","0.8239605543710021","0.8458155650319829","0.8458155650319829","0.8458155650319829","0.867070895522388","0.867070895522388","0.867070895522388","0.8440831556503198","0.8440831556503198","0.8440831556503198","0.8302238805970149","0.8302238805970149","0.8302238805970149","","","","0.8250266524520257","0.8250266524520257","0.8250266524520257","0.8659381663113006","0.8659381663113006","0.8659381663113006","0.8651385927505332","0.8651385927505332","0.8651385927505332","","","","0.8779317697228145","0.8779317697228145","0.8779317697228145","0.8499466950959489","0.8499466950959489","0.8499466950959489","0.8831289978678039","0.8831289978678039","0.8831289978678039","","","","0.8730010660980809","0.8730010660980809","0.8730010660980809","0.8715351812366737","0.8715351812366737","0.8715351812366737","","","","0.8494136460554371","0.8494136460554371","0.8494136460554371","0.8627398720682302","0.8627398720682302","0.8627398720682302","0.8540778251599147","0.8540778251599147","0.8540778251599147","0.861407249466951","0.861407249466951","0.861407249466951","","","","0.838219616204691","0.838219616204691","0.838219616204691","","","","0.8228278251599146","0.8228278251599146","0.8228278251599146","0.851679104477612","0.851679104477612","0.851679104477612","0.8708688699360342","0.8708688699360342","0.8708688699360342","0.8351545842217484","0.8351545842217484","0.8351545842217484","0.8783315565031983","0.8783315565031983","0.8783315565031983","0.8655383795309168","0.8655383795309168","0.8655383795309168"
"28","0.8523454157782516","0.8523454157782516","0.8523454157782516","0.8548773987206824","0.8548773987206824","0.8548773987206824","0.8538113006396589","0.8538113006396589","0.8538113006396589","0.8454157782515991","0.8454157782515991","0.8454157782515991","0.8630063965884861","0.8630063965884861","0.8630063965884861","","","","0.8227611940298507","0.8227611940298507","0.8227611940298507","0.863272921108742","0.863272921108742","0.863272921108742","0.8844616204690832","0.8844616204690832","0.8844616204690832","","","","0.8800639658848614","0.8800639658848614","0.8800639658848614","0.8478144989339018","0.8478144989339018","0.8478144989339018","0.8711353944562898","0.8711353944562898","0.8711353944562898","","","","0.8691364605543711","0.8691364605543711","0.8691364605543711","0.8678038379530917","0.8678038379530917","0.8678038379530917","","","","0.8590085287846482","0.8590085287846482","0.8590085287846482","0.8580756929637526","0.8580756929637526","0.8580756929637526","0.8582089552238806","0.8582089552238806","0.8582089552238806","0.8568763326226013","0.8568763326226013","0.8568763326226013","","","","0.8370202558635395","0.8370202558635395","0.8370202558635395","","","","0.794776119402985","0.794776119402985","0.794776119402985","0.8566098081023454","0.8566098081023454","0.8566098081023454","0.8554104477611939","0.8554104477611939","0.8554104477611939","0.8759328358208954","0.8759328358208954","0.8759328358208954","0.8776652452025587","0.8776652452025587","0.8776652452025587","0.8582089552238805","0.8582089552238805","0.8582089552238805"
"29","0.8094349680170576","0.8094349680170576","0.8094349680170576","","","","0.8606076759061834","0.8606076759061834","0.8606076759061834","","","","0.8666044776119403","0.8666044776119403","0.8666044776119403","","","","","","","0.8580756929637526","0.8580756929637526","0.8580756929637526","0.8883262260127932","0.8883262260127932","0.8883262260127932","","","","0.8785980810234542","0.8785980810234542","0.8785980810234542","0.8462153518123667","0.8462153518123667","0.8462153518123667","0.875","0.875","0.875","","","","0.8698027718550105","0.8698027718550105","0.8698027718550105","0.8650053304904052","0.8650053304904052","0.8650053304904052","","","","0.8515458422174841","0.8515458422174841","0.8515458422174841","0.8474147121535182","0.8474147121535182","0.8474147121535182","0.8575426439232411","0.8575426439232411","0.8575426439232411","0.857542643923241","0.857542643923241","0.857542643923241","","","","0.8367537313432837","0.8367537313432837","0.8367537313432837","","","","0.8627398720682303","0.8627398720682303","0.8627398720682303","0.8415511727078892","0.8415511727078892","0.8415511727078892","0.8440831556503198","0.8440831556503198","0.8440831556503198","0.888592750533049","0.888592750533049","0.888592750533049","0.8779317697228145","0.8779317697228145","0.8779317697228145","","",""
"30","0.7595948827292112","0.7595948827292112","0.7595948827292112","","","","0.8507462686567164","0.8507462686567164","0.8507462686567164","","","","0.8584754797441365","0.8584754797441365","0.8584754797441365","","","","","","","0.8550106609808104","0.8550106609808104","0.8550106609808104","0.8789978678038379","0.8789978678038379","0.8789978678038379","","","","0.8768656716417911","0.8768656716417911","0.8768656716417911","0.8486140724946696","0.8486140724946696","0.8486140724946696","0.8791311300639658","0.8791311300639658","0.8791311300639658","","","","0.873001066098081","0.873001066098081","0.873001066098081","0.8666044776119403","0.8666044776119403","0.8666044776119403","","","","0.8448827292110874","0.8448827292110874","0.8448827292110874","0.8447494669509595","0.8447494669509595","0.8447494669509595","0.8578091684434968","0.8578091684434968","0.8578091684434968","0.8306236673773986","0.8306236673773986","0.8306236673773986","","","","0.8355543710021321","0.8355543710021321","0.8355543710021321","","","","0.8619402985074627","0.8619402985074627","0.8619402985074627","0.8525453091684435","0.8525453091684435","0.8525453091684435","0.8362206823027718","0.8362206823027718","0.8362206823027718","0.8756663113006397","0.8756663113006397","0.8756663113006397","0.8772654584221748","0.8772654584221748","0.8772654584221748","","",""
"31","0.7699893390191896","0.7699893390191896","0.7699893390191896","","","","0.8526119402985075","0.8526119402985075","0.8526119402985075","","","","0.8635394456289979","0.8635394456289979","0.8635394456289979","","","","","","","0.8607409381663114","0.8607409381663114","0.8607409381663114","0.8780650319829425","0.8780650319829425","0.8780650319829425","","","","","","","0.8472814498933903","0.8472814498933903","0.8472814498933903","0.8763326226012792","0.8763326226012792","0.8763326226012792","","","","0.8671375266524519","0.8671375266524519","0.8671375266524519","0.8644722814498935","0.8644722814498935","0.8644722814498935","","","","0.8439498933901919","0.8439498933901919","0.8439498933901919","0.8423507462686567","0.8423507462686567","0.8423507462686567","0.85567697228145","0.85567697228145","0.85567697228145","0.8246268656716417","0.8246268656716417","0.8246268656716417","","","","0.8346215351812367","0.8346215351812367","0.8346215351812367","","","","0.8214285714285715","0.8214285714285715","0.8214285714285715","0.8768656716417911","0.8768656716417911","0.8768656716417911","0.8396855010660981","0.8396855010660981","0.8396855010660981","0.875133262260128","0.875133262260128","0.875133262260128","0.8764658848614072","0.8764658848614072","0.8764658848614072","","",""
"32","0.8056369936034116","0.8056369936034116","0.8056369936034116","","","","0.8566764392324093","0.8566764392324093","0.8566764392324093","","","","0.8618070362473348","0.8618070362473348","0.8618070362473348","","","","","","","0.8487473347547975","0.8487473347547975","0.8487473347547975","","","","","","","","","","","","","0.876998933901919","0.876998933901919","0.876998933901919","","","","0.8698027718550106","0.8698027718550106","0.8698027718550106","0.8664712153518124","0.8664712153518124","0.8664712153518124","","","","0.8515458422174841","0.8515458422174841","0.8515458422174841","0.8426172707889126","0.8426172707889126","0.8426172707889126","","","","0.8454157782515992","0.8454157782515992","0.8454157782515992","","","","0.8328891257995735","0.8328891257995735","0.8328891257995735","","","","0.6752398720682303","0.6752398720682303","0.6752398720682303","0.8630063965884862","0.8630063965884862","0.8630063965884862","","","","0.8771321961620469","0.8771321961620469","0.8771321961620469","","","","","",""
"33","0.7954424307036247","0.7954424307036247","0.7954424307036247","","","","0.8554770788912579","0.8554770788912579","0.8554770788912579","","","","0.8571428571428571","0.8571428571428571","0.8571428571428571","","","","","","","0.851279317697228","0.851279317697228","0.851279317697228","","","","","","","","","","","","","0.8755330490405118","0.8755330490405118","0.8755330490405118","","","","0.8767324093816631","0.8767324093816631","0.8767324093816631","0.8570095948827293","0.8570095948827293","0.8570095948827293","","","","0.8356876332622601","0.8356876332622601","0.8356876332622601","0.8446162046908315","0.8446162046908315","0.8446162046908315","","","","0.8783315565031983","0.8783315565031983","0.8783315565031983","","","","0.8327558635394456","0.8327558635394456","0.8327558635394456","","","","0.8434168443496802","0.8434168443496802","0.8434168443496802","0.8607409381663114","0.8607409381663114","0.8607409381663114","","","","0.869003198294243","0.869003198294243","0.869003198294243","","","","","",""
"34","0.8246934968017057","0.8246934968017057","0.8246934968017057","","","","0.8542777185501067","0.8542777185501067","0.8542777185501067","","","","","","","","","","","","","0.8540778251599147","0.8540778251599147","0.8540778251599147","","","","","","","","","","","","","","","","","","","0.8663379530916844","0.8663379530916844","0.8663379530916844","0.8623400852878464","0.8623400852878464","0.8623400852878464","","","","0.8367537313432836","0.8367537313432836","0.8367537313432836","0.8488805970149255","0.8488805970149255","0.8488805970149255","","","","0.857675906183369","0.857675906183369","0.857675906183369","","","","","","","","","","0.8179637526652452","0.8179637526652452","0.8179637526652452","0.8734008528784647","0.8734008528784647","0.8734008528784647","","","","0.8667377398720681","0.8667377398720681","0.8667377398720681","","","","","",""
"35","0.8129664179104479","0.8129664179104479","0.8129664179104479","","","","0.8530783582089552","0.8530783582089552","0.8530783582089552","","","","","","","","","","","","","0.8556769722814499","0.8556769722814499","0.8556769722814499","","","","","","","","","","","","","","","","","","","0.8780650319829425","0.8780650319829425","0.8780650319829425","0.8660714285714286","0.8660714285714286","0.8660714285714286","","","","0.8484808102345416","0.8484808102345416","0.8484808102345416","0.8430170575692965","0.8430170575692965","0.8430170575692965","","","","0.8491471215351812","0.8491471215351812","0.8491471215351812","","","","","","","","","","0.8442164179104478","0.8442164179104478","0.8442164179104478","0.8659381663113006","0.8659381663113006","0.8659381663113006","","","","0.8640724946695096","0.8640724946695096","0.8640724946695096","","","","","",""
"36","0.8198294243070362","0.8198294243070362","0.8198294243070362","","","","0.8553438166311301","0.8553438166311301","0.8553438166311301","","","","","","","","","","","","","0.8558102345415778","0.8558102345415778","0.8558102345415778","","","","","","","","","","","","","","","","","","","0.8748667377398721","0.8748667377398721","0.8748667377398721","0.8703358208955223","0.8703358208955223","0.8703358208955223","","","","0.8383528784648188","0.8383528784648188","0.8383528784648188","0.8391524520255863","0.8391524520255863","0.8391524520255863","","","","0.8230277185501066","0.8230277185501066","0.8230277185501066","","","","","","","","","","0.8498134328358209","0.8498134328358209","0.8498134328358209","0.851679104477612","0.851679104477612","0.851679104477612","","","","0.8644722814498933","0.8644722814498933","0.8644722814498933","","","","","",""
"37","0.8011727078891258","0.8011727078891258","0.8011727078891258","","","","","","","","","","","","","","","","","","","0.8574093816631131","0.8574093816631131","0.8574093816631131","","","","","","","","","","","","","","","","","","","0.8753997867803839","0.8753997867803839","0.8753997867803839","0.8702025586353945","0.8702025586353945","0.8702025586353945","","","","0.8427505330490405","0.8427505330490405","0.8427505330490405","","","","","","","0.8615405117270788","0.8615405117270788","0.8615405117270788","","","","","","","","","","0.8470149253731343","0.8470149253731343","0.8470149253731343","0.8579424307036247","0.8579424307036247","0.8579424307036247","","","","0.8648720682302772","0.8648720682302772","0.8648720682302772","","","","","",""
"38","0.8060367803837953","0.8060367803837953","0.8060367803837953","","","","","","","","","","","","","","","","","","","","","","","","","","","","","","","","","","","","","","","","0.8769989339019191","0.8769989339019191","0.8769989339019191","","","","","","","0.823960554371002","0.823960554371002","0.823960554371002","","","","","","","0.8344882729211088","0.8344882729211088","0.8344882729211088","","","","","","","","","","0.8430170575692963","0.8430170575692963","0.8430170575692963","0.8627398720682302","0.8627398720682302","0.8627398720682302","","","","0.8655383795309168","0.8655383795309168","0.8655383795309168","","","","","",""
"39","","","","","","","","","","","","","","","","","","","","","","","","","","","","","","","","","","","","","","","","","","","0.8699360341151386","0.8699360341151386","0.8699360341151386","","","","","","","","","","","","","","","","0.8134328358208955","0.8134328358208955","0.8134328358208955","","","","","","","","","","0.8402185501066098","0.8402185501066098","0.8402185501066098","0.7995735607675907","0.7995735607675907","0.7995735607675907","","","","0.8676705756929637","0.8676705756929637","0.8676705756929637","","","","","",""